:020000040800F2
:10000000903500244904000891C9000859C100082E
:1000100089C9000859180008A1EE00080000000076
:10002000000000000000000000000000B1CD00084A
:10003000312300080000000009CA000811CE0008A2
:1000400063040008630400086304000863040008F4
:1000500063040008630400086304000863040008E4
:1000600063040008630400086304000863040008D4
:10007000611800087118000881180008911800081C
:100080006304000863040008630400087123000887
:10009000912300088123000863040008630400081A
:1000A0006304000863040008630400086304000894
:1000B00029D000086304000839D000086304000850
:1000C0006304000863040008630400086304000874
:1000D0006304000891EE000863040008630400084C
:1000E00039230008630400080000000063040008CE
:1000F0006304000863040008630400086304000844
:10010000630400086304000849D000086304000881
:100110006304000811DB000863040008630400089E
:10012000A1180008630400086304000863040008C1
:100130006304000863040008630400086304000803
:1001400000000000000000000000000000000000AF
:1001500063040008630400086304000863040008E3
:1001600063040008630400086304000863040008D3
:100170006304000863040008630400080000000032
:1001800063040008630400086304000863040008B3
:1001900063040008630400086304000863040008A3
:1001A0006304000863040008630400080000000002
:1001B0006304000863040008630400086304000883
:1001C0006304000863040008000000000000000051
:1001D00000000000000000006304000800000000B0
:1001E000000000000000000000000000000000000F
:1001F0000000000000000000630400086304000821
:1002000063040008630400080000000063040008A1
:100210006304000863040008630400086304000822
:1002200063040008000000006304000800000000F0
:100230006304000863040008000000006304000871
:1002400063040008630400086304000863040008F2
:1002500063040008630400086304000863040008E2
:1002600063040008630400086304000863040008D2
:100270006304000863040008630400080000000031
:1002800063040008630400086304000863040008B2
:100290000000000063040008630400080000000080
:1002A0000000000063040008630400086304000801
:1002B00081EE00086304000863040008A12300081D
:1002C00063040008630400086304000800F002F8F7
:1002D00000F0AAF814A696E8000CB244B344DA453C
:1002E00001D100F0A1F8BAE80F000FA696E830009F
:1002F000A5EB040504EB0607AAEB0704A7F1010729
:100300004FEA15154FEA3414A4F10104AC4201D3AD
:1003100000F08AF813F0010F18BFFB1A43F0010335
:1003200000F001F8DBE718473835010058350100C7
:10033000103A24BF78C878C1FAD8520724BF30C811
:1003400030C144BF04680C60704700007047000073
:100350000023002400250026103A28BF78C1FBD8CE
:10036000520728BF30C148BF0B6070476E2900F0AC
:10037000A382702900F0E783662913F09A8165292A
:1003800013F09781672913F09481612913F0938109
:1003900003681B0A28BF41F08001692900F05082E0
:1003A000642900F04D82752900F04A826F2900F01F
:1003B0007583782900F0B383E92900F00F83E429DD
:1003C00000F00C83F52900F00983EF2900F0728317
:1003D000F82900F0B2830368DB0928BF41F08001EF
:1003E000632901F0B780732901F0BC80E32901F093
:1003F000C780F32901F0CC80002070471FB513F0AF
:100400004BF901F01FF904000020002113F02EF930
:10041000401C60600020002113F012F9E06000F041
:100420008BF91FBD10B510BD01F0DEF81146FFF7C6
:10043000E5FF12F0D9FC01F0BBF903B4FFF7F2FFBE
:1004400003BC01F0FFF90000094880470948004754
:10045000FEE7FEE7FEE7FEE7FEE7FEE7FEE7FEE774
:10046000FEE7FEE704480549054A064B70470000D1
:10047000E9CE0008CD020008902300249035002426
:10048000902500249025002453EA020C00F0698096
:100490002DE9F04B4FF00006002B1FBFB3FA83F598
:1004A00003FA05F424FA05F65E4012BF1643B2FAC9
:1004B00082F502FA05F4C5F120051EBF22FA05FCFB
:1004C00044EA0C04203556EA044C4FEA144418BFA1
:1004D000641C4FF000084FF00009904271EB030CD0
:1004E00039D3002919BFB1FA81F701FA07F6B0FA3A
:1004F00080F700FA07F6C7F120071EBF20FA07FCB5
:1005000046EA0C062037B6FBF4FCA7EB0507103FC4
:1005100007F01F0BCBF120062CFA06F60CFA0BFBAA
:1005200044BFB3460026202FA4BF5E464FF0000B09
:100530005BEA060C08BF4FF0010B19EB0B0948EB07
:100540000608ABFB027C06FB02CC0BFB03CCC01BFA
:1005500071EB0C01C1E70B46024641464846BDE837
:10056000F08B13B5084318BF4FF0FF300146AFF3CF
:100570000080BDE81C4070470FB41CB50C0007AAF2
:10058000009007D04142A14202D32044401E01E026
:100590004FF0FF30074B7B4469460190069800F00E
:1005A000A4F90021002C01D0009A11701CBC5DF848
:1005B00014FB00007703000010B5431C02E010F8A4
:1005C000011B71B18107FAD14FF0013202C88C1AB8
:1005D0008C4314EAC211F9D0C01A0A0603D0C01E17
:1005E00010BDC01A10BD0A0401D0801E10BD090242
:1005F000FCD0401E10BD032A40F2308010F0030CE6
:1006000000F0158011F8013BBCF1020F624498BF65
:1006100011F801CB00F8013B38BF11F8013BA2F102
:10062000040298BF00F801CB38BF00F8013B11F07D
:10063000030300F02580083AC0F0088051F8043B1D
:10064000083A51F804CBA0E80810F5E7121D5CBF8A
:1006500051F8043B40F8043BAFF30080D20724BFBD
:1006600011F8013B11F801CB48BF11F8012B24BF51
:1006700000F8013B00F801CB48BF00F8012B7047A0
:1006800010B5203AC0F00B80B1E81850A0E818501F
:10069000B1E81850A0E81850203ABFF4F5AF5FEA6F
:1006A000027C24BFB1E81850A0E8185044BF18C914
:1006B00018C0BDE810405FEA827C24BF51F8043BBB
:1006C00040F8043B08BF7047D20728BF31F8023B0F
:1006D00048BF11F8012B28BF20F8023B48BF00F8A3
:1006E000012B70474FF0000200B513469446964622
:1006F000203922BFA0E80C50A0E80C50B1F1200135
:10070000BFF4F7AF090728BFA0E80C5048BF0CC0E2
:100710005DF804EB890028BF40F8042B08BF704740
:1007200048BF20F8022B11F0804F18BF00F8012BB2
:10073000704770477047704708487CB57844009010
:1007400007487844009C0546019004E02046016873
:1007500008448047241DAC42F8D17CBD6C320100B6
:100760006A32010010B500F0BDFA006810BD10B586
:10077000044600F0B7FA046010BD70B50446856900
:100780000068C10601D5302600E02026C00707D04A
:1007900070BDD4E9012130469047206A401C206298
:1007A0006D1EF6D570BD70B5044685690078C0072A
:1007B00007D170BDD4E9012120209047206A401C58
:1007C00020626D1EF6D570BD09684A0501D540B29C
:1007D0007047C905FCD500B2704709684A0501D5C4
:1007E000C0B27047C905FCD580B2704770B50C46E1
:1007F0000546012A05D02878800600D5EA6900233D
:1008000002E0012305E05B1C934202D2E05C002879
:10081000F9D1A869E618C01AA861286A18442862A4
:100820002846FFF7AAFF04E0D5E9012114F8010BDF
:100830009047B442F8D32846FFF7B5FF70BD0000DB
:100840002DE9F0410646002410687529314616A5A9
:1008500010D0FFF7B9FF002802DA404213A507E0E5
:1008600031688A0701D512A502E0490704D511A510
:10087000012401E0FFF7B1FF00210A2206F124075D
:1008800009E0B0FBF2FCB0FBF2F302FB1C003030DD
:1008900078541846491C0028F3D123462A4630468E
:1008A000BDE8F04100F067BA000000002D00000034
:1008B0002B0000002000000011680268006A530548
:1008C00001D508700AE0D30501D5088006E01306BB
:1008D00003D5C217C1E9000200E00860012070479B
:1008E00001694A1C02610878704700B58FB0CDE9F4
:1008F00001310021059105497944CDE903101146E4
:10090000684600F02BF90FB000BD0000E5FFFFFFC7
:10091000D1E900239A4202D2531C0B601070704739
:100920002DE9FF5F15468A460446DFF8AC80F8449F
:100930000027D8E900103E46CDE9001010E03AF853
:1009400016106A4602A800F027FE411C07D0217845
:10095000890603D5E269391891420DD80744761CFF
:100960002078800602D5E069B84205DDAE42E6DBBC
:100970003AF816000028E2D1A069C01BA061204609
:10098000FFF7FBFED8E90010CDE90010002017E0CA
:100990003AF818106A4602A800F0FEFDB0F1FF3FD9
:1009A00081460BD000250DF1080B05E0D4E90121AB
:1009B0001BF8050090476D1C4D45F7D308F1010069
:1009C000B0428046E4DB206A384420622046FFF7CC
:1009D000EAFEBDE8FF9F00008A2D01002DE9F041ED
:1009E0008046D21D22F007020025D2E90002F52937
:1009F00015A614D0011E72F1000106DA0023D0EB17
:100A0000030063EB020211A608E0D8F800108B0780
:100A100001D50FA602E0490701D50EA60125114612
:100A2000002408F1240704E000F060F930323A5560
:100A3000641C50EA0102F7D12B463246214640465B
:100A4000BDE8F04100F097B9000000002D00000063
:100A50002B0000002000000030B4002100F124042D
:100A600008E002F00705D208303542EA4372DB089D
:100A70006554491C52EA0305F3D10468002310A20F
:100A8000250708D504F020040C4304D0C4690123D1
:100A90000CA2641EC46130BC00F06DB910B50446F0
:100AA00021461068FFF799FE02462046BDE8104037
:100AB0000023D1E7D21D22F00701D1E90023CBE7C3
:100AC0000000000030000000F0B40D460188090568
:100AD00002D5214C7C4402E01F4C7C440E340021A2
:100AE00000F1240608E002F00F071209E75D42EA70
:100AF00003721B097754491C52EA0307F3D10278A9
:100B00000023120704D5702D06D009B10223113439
:100B10002246F0BC00F02FB901231034F8E770B57D
:100B200004460D4621461068FFF757FE0246294647
:100B30002046BDE870400023C6E7D21D22F007031F
:100B4000D3E90023C0E70368126843F02003036081
:100B50000823C3610023B7E7EC2B01002DE9F05F08
:100B6000894604464FF0000ADFF874B1FB44C0F830
:100B700020A02046E1688847002874D0252806D0A8
:100B8000D4E901219047206A401C2062F1E7002649
:100B90005F462046E16888472028054607DB312D5F
:100BA00005D2781910F8200C08B10643F1E7B00718
:100BB00001D526F00406C4F81CA00027C4F818A02C
:100BC0002A2D09D0284612F034FD38B304EB8708EB
:100BD000303DC8F8185019E059F8041B204604EBC2
:100BE00087029161E1688847012F054618D1E069C5
:100BF000002820DA26F020061DE0D8F8180000EBC7
:100C0000800005EB40003038C8F818002046E16845
:100C10008847054612F00DFD0028EED1012F0AD0BD
:100C20002E2D08D12046E16888477F1C0546022FFB
:100C300046F02006C4DBA069002803DA404246F0F3
:100C40000106A061F00701D026F010066C2D0BD034
:100C5000682D09D04C2D39D06A2D35D0742D35D062
:100C60007A2D33D016E038E0E1682F4620468847D9
:100C7000B842054609D16C2F26D04FF48060E16858
:100C8000064320468847054604E06C2F1AD04FF4EF
:100C9000807006430DB3A5F14100192802D8203514
:100CA00046F400664A462946204626604E46FFF72F
:100CB0005DFB80B101280BD0F61D26F0070000F186
:100CC000080956E74020E4E78020D8E70020D6E76F
:100CD00006F104094DE7284652E7206ABDE8F09F77
:100CE0007C2B0100004870471000002430B5B0F1A3
:100CF0000A0271F100034FEA900E4EEA817EB0EBDA
:100D00000E0061EB91014FEA101E4EEA017E10EBDE
:100D10000E0041EB11114FEA102E4EEA016E10EB5E
:100D20000E0041EB11214FEA104E4EEA014E10EB3E
:100D30000E0041EB1141401841F100014FEAD00093
:100D400040EA41704FEAD1014FEA810444EA9074CD
:100D500010EB800544EB01046D1944EB0404521BB5
:100D6000A3414FF0000348BF0A3200D530BD401CFC
:100D700041F1000130BD2DE9F0470D4699469246FC
:100D8000044600F124080168880604D5E06921F0D2
:100D90001001216000E00120A84201DD471B00E0B6
:100DA0000027A1697A1902EB0900081AA0612078CE
:100DB000C00602D42046FFF7E0FC002608E0D4E994
:100DC00001211AF806009047206A401C761C206218
:100DD0004E45F4DB2078C0060AD52046FFF7CDFC4F
:100DE00006E0D4E9012130209047206A401C2062AF
:100DF000381EA7F10107F4DC07E0D4E9012118F857
:100E000005009047206A401C2062281EA5F10105BC
:100E1000F3DC2046FFF7C7FC2078000602D502204D
:100E2000BDE8F0870120FBE72DE9FF4F0C461E4689
:100E30004FF0FF378BB0D2E90001DDF860800A90F7
:100E40008A46C1F30A5505B93D46002108464FF0D0
:100E50000000BAF1000F00F4400005DA00EB80005A
:100E60004FF4400101EA50004FEA9059B9F1010FE7
:100E700000DDB9460A9850EA4A000ED044F61050F8
:100E8000A5F2FF3545432F14B8F1000F1ED075426F
:100E9000291E1EDDC9F100021CE0B8F1010F4FF060
:100EA000000001D0302103E0F24305E02154401C52
:100EB000B042FBDB30460022002121540B99C1F8DF
:100EC0000880C1E900200FB0BDE8F08FBD1B6D1C8C
:100ED000DEE74A4600DA694206A800F0F7FB06ABF7
:100EE00093E8070003AB83E8070050460A9911F026
:100EF000A3FF8DE80700A0F500501F38009003986D
:100F0000002D0ADD42F21F014A460844002303A9CE
:100F10000390684612F00CFA09E0A0F500504A462A
:100F20001F38002303A90390684612F016FA8DE8D3
:100F300007000004000C03D04FF0FF30410800E030
:100F40001046B8F1000F03D00022009215461EE0B3
:100F5000751E05D4FFF7CAFE303262556D1EF9D5F5
:100F6000B3460122084302D000227F1C04E020780F
:100F7000302801D100227F1E002A099784D01DE06D
:100F8000112D07DAFFF7B2FE303262556D1C50EAC0
:100F90000102F5D1084302D00098C8B10EE000214B
:100FA000681E05E0235C625C63542254401E491CA9
:100FB0008142F7DBAB46A81B401E0990002004F8D5
:100FC0000B000B98099AC0F80880C0E9002B7AE75B
:100FD00011264FF0000857E72DE9F04F88460446E8
:100FE000D21D22F0070191B0D1E90001CDE90A013B
:100FF00012F0EAFA02460B98C00F01D02D2007E04C
:101000002068810701D52B2002E0202101EAC000E1
:10101000032A099001D0072A05DB034641462046F2
:1010200000F014FB0BE12078800601D5E06900E0B8
:101030000620B8F1650F814606D0B8F1660F18D0CA
:10104000B8F1670F70D131E00020B9F1110F0090B5
:1010500001DB112301E009F101030AAA01A90CA88F
:10106000FFF7E2FEDDE90C70002609F10105834679
:1010700047E001204B4600904FF000470AAA01A923
:101080000CA8FFF7D1FEDDE90DB00C995D460026F6
:1010900010B909F101000D18B9EB050003D4C0F136
:1010A000FF3609F10105A5EB09002BE0B9F1010FAD
:1010B00001DA4FF001090020B9F1110F0090484604
:1010C00001DD112300E003460AAA01A90CA8FFF7DD
:1010D000ABFEDDE90C704D46002683462078000704
:1010E0000AD4AB4500DA5D4601A8012D04DD4119A3
:1010F00011F8011C302907D04F4502DA17F1040F0F
:1011000004DA012082460FE06D1EEEE7002F02DCBC
:10111000ED1B3E4403E0781CA84200DD7D1CB81B9B
:1011200000F1010A4FF000472078000703D4AA45D8
:1011300001DB4FF0FF3A0021B7F1004F0DF14308FA
:101140008DF8431024D002202B23002F01DA7F4298
:101150002D230A21021EA0F1010000DC5FB197FBE4
:10116000F1FC97FBF1F201FB1C7C17460CF1300CF3
:1011700008F801CDEEE7A8F1010003702188090508
:1011800001D5452100E06521A0F1010800F8011C0E
:1011900009980FA9A1EB0807FF1D00B10120411913
:1011A00001EBEA70A1693844081A401EA06120785A
:1011B000C00602D42046FFF7E0FA099828B1D4E926
:1011C00001219047206A401C20622078C00622D569
:1011D0002046FFF7D2FA1EE0002E04DBB34502DD05
:1011E00001A8805D00E03020D4E901219047206A09
:1011F000401C2062761CAAF101005FEA000A0AD1B5
:1012000000F020FAC0680168405CD4E901219047F1
:10121000206A401C2062281EA5F10105DCDC07E0E5
:10122000D4E9012118F8010B9047206A401C206284
:10123000381EA7F10107F3DC2046FFF7B4FA0320BC
:1012400011B041E62DE9F04F04460D46D21D22F0C3
:10125000070089B0D0E900974846394612F0B4F942
:101260000246F80F01D02D2307E02068810701D541
:101270002B2302E0202101EAC0038DF820300BB1BE
:10128000012000E00020032A824601D0072A04DB67
:101290002946204600F0DAF93FE12078800601D4A3
:1012A0000D2500E0E569C7F30A560D2D49DA002146
:1012B0004FEA175B08464FF00000002F00F4400093
:1012C00007DA00EB80004FF4400100EBD07001EA38
:1012D00060008115012901DD4FF0FF3100224FEA46
:1012E000850CBCF1180F06D31346ACF118004FF073
:1012F0008052C24003E04FF4801323FA0CF30CF148
:101300000C0CBCF1200F04D3ACF1200C09FA0CF04A
:1013100001E007FA0CF000294FF0004801DD18B990
:101320000FE00ED140450CD319EB02095F4121B902
:10133000404502D19F4329EA0209BBEB175F00D069
:10134000761C2088000502D57B48784402E07A4864
:101350007844193808AA302302F80A30037C0AF1CD
:101360000101002E0AF1020A53546A4602DC4FF0D2
:10137000300101E04FF031014FF001088DF800100D
:1013800002D0A6F2FF3603E059EA470100D06B4EC7
:10139000002D02DC2178090704D54FF002082E2128
:1013A0008DF80110C44600210BE0C7F303433F0151
:1013B000C35C491C6D1E02F80830052908F10108BC
:1013C00001DA002DF1DC00210CE000EB1973491C5F
:1013D0001B786D1E082902F808304FEA091908F138
:1013E000010801DA002DF0DC21688B0602D516E039
:1013F000A8F10108E04505DD02EB080313F8013C04
:10140000302BF5D0B8F1000F09DD02EB080313F81B
:10141000013C2E2B03D1090701D4A8F10108002DAE
:1014200005DD3E2102F808106D1E08F10108407C20
:10143000002E02F8080008F1010804DA2D20764297
:1014400002F8080002E02B2002F808000A214FF4FD
:101450007A70864208F101080BDB96FBF0F330331B
:1014600002F8083096FBF0F308F1010800FB136660
:1014700001E0642E0CDB642096FBF0F3303302F8BD
:10148000083096FBF0F308F1010800FB136601E059
:101490000A2E06DB96FBF1F0303002F8080008F166
:1014A000010896FBF1F001FB1060303002F80800F3
:1014B000A16908F1010808EB050202EB0A00081A0D
:1014C000A0612078C00602D42046FFF756F9216AB1
:1014D00008AE01EB0A00206204E0D4E9012116F80D
:1014E000010B9047BAF1010AF7D22078C00602D565
:1014F0002046FFF742F96E4609E016F8010B3E2838
:101500000FD0D4E901219047206A401C2062B8F135
:101510000108F2D22046FFF746F909B00320BDE8E2
:10152000F08F206A2844206203E0D4E901213020B2
:1015300090476D1EEBD3F8E7C223010002FCFFFFCA
:1015400010B5436913B1AFF3008001E0FFF74EF926
:10155000012010BD127800F124010A7000224A70A7
:101560000122EDE711684FF0FF32E9E710B543695A
:1015700013B1AFF3008001E0FFF7D2F9012010BDF5
:10158000128800F1240182840022C2840122EDE746
:1015900011684FF0FF32E9E72DE9F04116460C469D
:1015A000054600F047F8036893F80101012807D0C9
:1015B000FF2C12D8185D80B101202C70BDE8F0819D
:1015C000D3F807013246214603F20713C71828460D
:1015D000BC46BDE8F041002360474FF0FF30EDE727
:1015E00000487047100000247546FFF7F9FFAE462B
:1015F00005006946534620F00700854618B020B51F
:10160000FEF730FFBDE820404FF000064FF0000726
:101610004FF000084FF0000BAC46ACE8C009ACE856
:10162000C009ACE8C009ACE8C00921F007018D464B
:101630007047000010B500F005F8001D10BD00BF98
:101640002D20010000487047300000242DE9F041B2
:101650001F46044603260168072A01F4006004DBE4
:1016600008B116A505E016A503E008B115A500E030
:1016700015A521F010002060A069C01EA0610FB167
:10168000401EA0612046FFF778F84FB1D4E9012150
:1016900038469047206A401C2062C01C206206E049
:1016A000206AFAE7D4E9012115F8010B9047761E6C
:1016B000F8D22046FFF777F8BDE8F0814E414E00A2
:1016C0006E616E00494E4600696E66002DE9F04776
:1016D000814616468AB0354878440DC88DE80D001D
:1016E00032487844801C03AC0DC884E80D0041F6F4
:1016F0009B300844372190FBF1F290FBF1F5A5F106
:10170000800501FB12041B3C02D56442012000E06D
:101710000020DFF898A080460027FA44AAF1BE0A0C
:101720000EE0E0070AD03246684607EB4701012386
:101730000AEB810111F011FE8DE8070064107F1C97
:10174000002CEED1194F7F44AE3F19E0E80715D0C9
:1017500007EB04100DF1180A90E80E008AE80E005D
:10176000C068F04201D1981908903246012306A9B9
:1017700003A811F0F2FD03AB83E807006D10641CB1
:10178000002DE3D14FF0010332466946B8F1000F56
:1017900003A802D011F0CCFD01E011F0DEFDC9E993
:1017A0000001C9F808200AB0BDE8F087C420010094
:1017B00010B50446AFF300802046BDE81040FEF7A8
:1017C0003CBE00000000000030B44FF0013C50F877
:1017D000042BCCFA52F451F8043BD51A20D1FCB9B1
:1017E00050F8042BCCFA52F451F8043BD51A17D117
:1017F000B4B950F8042BCCFA52F451F8043BD51A82
:101800000ED16CB950F8042BCCFA52F451F8043BC9
:10181000D51A05D1002CDAD030BC4FF0000070474B
:1018200029BAB1FA81F111F01801D1F120008440F8
:10183000F2D1CA40CB4012F0FF0213F0FF0330BCDC
:10184000D01A704701491820ABBEFEE726000200FF
:101850007047000000000000FFE7FEE70000000006
:1018600080B541F67C50C2F2004001F075FF80BDAA
:1018700080B541F6F450C2F2004001F06DFF80BD2A
:1018800080B541F68C40C2F2004001F065FF80BD9A
:1018900080B541F60450C2F2004001F05DFF80BD0A
:1018A00080B541F61440C2F2004001F055FF80BD02
:1018B00083B002900298016801201022C4F2020253
:1018C0009142009000F0A380FFE702980168012098
:1018D0002822C4F202029142009000F09880FFE7B3
:1018E0000298016801204022C4F202029142009055
:1018F00000F08D80FFE70298016801205822C4F2B1
:1019000002029142009000F08280FFE70298016895
:1019100001207022C4F202029142009077D0FFE7CA
:101920000298016801208822C4F2020291420090CC
:101930006DD0FFE7029801680120A022C4F20202E4
:101940009142009063D0FFE7029801680120B8221D
:10195000C4F202029142009059D0FFE70298016858
:10196000012040F21042C4F20202914200904ED097
:10197000FFE702980168012040F22842C4F2020207
:101980009142009043D0FFE702980168012040F2A5
:101990004042C4F202029142009038D0FFE7029820
:1019A0000168012040F25842C4F2020291420090C4
:1019B0002DD0FFE702980168012040F27042C4F286
:1019C00002029142009022D0FFE7029801680120B4
:1019D00040F28842C4F202029142009017D0FFE721
:1019E00002980168012040F2A042C4F20202914232
:1019F00000900CD0FFE7029800684FF64831CBF614
:101A0000FD710844B0FA80F040090090FFE70098AB
:101A1000C00740B3FFE70298007810384AF6AB21C0
:101A2000CAF6AA21A0FB011000090190019800F05C
:101A3000070143F62400C0F60100405C0299C86526
:101A40000198042807D3FFE702990868042262F38B
:101A50000900886506E00299086840F2FF32904369
:101A60008865FFE705E00299086820F0FF008865B7
:101A7000FFE70298806D03B070470000000000008F
:101A800084B00390039800680190039801680120D6
:101A900045F20842C5F60202914200904ED0FFE79F
:101AA00003980168012045F21C42C5F602029142EA
:101AB000009043D0FFE703980168012045F23042CF
:101AC000C5F602029142009038D0FFE70398016802
:101AD000012045F24442C5F60202914200902DD009
:101AE000FFE703980168012045F25842C5F602025B
:101AF0009142009022D0FFE703980168012045F24F
:101B00006C42C5F602029142009017D0FFE703989D
:101B10000168012045F28042C5F602029142009020
:101B20000CD0FFE7039800684AF66C31CAF2FD71E9
:101B30000844B0FA80F040090090FFE70098C00721
:101B400010B3FFE70398007808384CF6CD41CCF687
:101B5000CC41A0FB011000090290029945F600005B
:101B6000C5F6020000EB810003990866039945F66B
:101B70008000C5F602004866029800F01F010120AF
:101B800088400399886635E00398007810384AF653
:101B9000AB21CAF6AA21A0FB01100009029001980E
:101BA00040F2B841C4F2020188420CD8FFE7019824
:101BB00040F21041C4F20201884204D3FFE70298C8
:101BC00008300290FFE7029940F60000C4F20200DC
:101BD00000EB810003990866039940F68000C4F287
:101BE00002004866029800F01F0101208840039916
:101BF0008866FFE704B0704783B0029002980079CE
:101C000001900198002800F08A80FFE701980828D9
:101C100000F28580FFE702980168012045F2084242
:101C2000C5F60202914200904ED0FFE7029801688B
:101C3000012045F21C42C5F602029142009043D0B9
:101C4000FFE702980168012045F23042C5F6020222
:101C50009142009038D0FFE702980168012045F2D8
:101C60004442C5F60202914200902DD0FFE702984F
:101C70000168012045F25842C5F6020291420090E7
:101C800022D0FFE702980168012045F26C42C5F6B8
:101C900002029142009017D0FFE7029801680120EC
:101CA00045F28042C5F60202914200900CD0FFE757
:101CB000029800684AF66C31CAF2FD710844B0FA25
:101CC00080F040090090FFE70098C00780B1FFE76F
:101CD000019945F6FC00C5F6020000EB810002996F
:101CE000C866029945F64010C5F6020008670FE085
:101CF000019940F6FC00C4F2020000EB8100029959
:101D0000C866029940F64010C4F202000867FFE777
:101D10000198411E0120884002994867FFE703B0FF
:101D2000704700000000000085B0049000208DF88E
:101D30000F000498806918BBFFE70498806A02903E
:101D400003281BD80299DFE801F0020D021804985D
:101D500090F82F00C00720B1FFE701208DF80F0099
:101D6000FFE70CE00498C06AB0F1C07F04D1FFE740
:101D700001208DF80F00FFE701E000E0FFE747E0FA
:101D800004988069B0F5005F26D1FFE70498806A67
:101D9000019003281ED80199DFE801F00206021124
:101DA00001208DF80F0016E0049890F82F00C0076E
:101DB00020B1FFE701208DF80F00FFE70BE004984A
:101DC000C06AB0F1C07F04D1FFE701208DF80F0099
:101DD000FFE700E0FFE71AE00498806A009003281C
:101DE00004D3FFE70098032804D00EE001208DF80B
:101DF0000F000BE0049890F82F00C00720B1FFE718
:101E000001208DF80F00FFE700E0FFE7FFE7FFE7A5
:101E10009DF80F0005B0704789B0089007910692B1
:101E200005930898806D04900898806D0390089839
:101E3000016801201022C4F202029142029000F0D7
:101E40000381FFE70898016801202822C4F20202FA
:101E50009142029000F0F880FFE7089801680120A5
:101E60004022C4F202029142029000F0ED80FFE7AE
:101E70000898016801205822C4F20202914202909F
:101E800000F0E280FFE70898016801207022C4F2A8
:101E900002029142029000F0D780FFE708980168A3
:101EA00001208822C4F202029142029000F0CC800C
:101EB000FFE7089801680120A022C4F202029142C3
:101EC000029000F0C180FFE7089801680120B82265
:101ED000C4F202029142029000F0B680FFE7089837
:101EE0000168012040F21042C4F2020291420290C5
:101EF00000F0AA80FFE708980168012040F228421C
:101F0000C4F202029142029000F09E80FFE708981E
:101F10000168012040F24042C4F202029142029064
:101F200000F09280FFE708980168012040F25842D3
:101F3000C4F202029142029000F08680FFE7089806
:101F40000168012040F27042C4F202029142029004
:101F50007AD0FFE708980168012040F28842C4F275
:101F60000202914202906FD0FFE7089801680120B9
:101F700040F2A042C4F202029142029064D0FFE714
:101F800008980168012040F2B842C4F2020291426E
:101F9000029059D0FFE708980168012045F20842F5
:101FA000C5F60202914202904ED0FFE70898016800
:101FB000012045F21C42C5F602029142029043D034
:101FC000FFE708980168012045F23042C5F6020299
:101FD0009142029038D0FFE708980168012045F24D
:101FE0004442C5F60202914202902DD0FFE70898C4
:101FF0000168012045F25842C5F602029142029062
:1020000022D0FFE708980168012045F26C42C5F62E
:1020100002029142029017D0FFE708980168012060
:1020200045F28042C5F60202914202900CD0FFE7D1
:10203000089800684AF66C31CAF2FD710844B0FA9B
:1020400080F040090290FFE70298C00770B1FFE7F7
:102050000898416E806E48600898C06E28B1FFE70E
:102060000898016F406F4860FFE7FFE70898016834
:1020700001201022C4F202029142019000F0A380DC
:10208000FFE70898016801202822C4F20202914269
:10209000019000F09880FFE7089801680120402235
:1020A000C4F202029142019000F08D80FFE708988F
:1020B000016801205822C4F202029142019000F00E
:1020C0008280FFE70898016801207022C4F20202B2
:1020D0009142019077D0FFE708980168012088229B
:1020E000C4F20202914201906DD0FFE708980168A6
:1020F0000120A022C4F202029142019063D0FFE7C6
:10210000089801680120B822C4F2020291420190AD
:1021100059D0FFE708980168012040F21042C4F24C
:102120000202914201904ED0FFE708980168012019
:1021300040F22842C4F202029142019043D0FFE7EC
:1021400008980168012040F24042C4F20202914224
:10215000019038D0FFE708980168012040F258420A
:10216000C4F20202914201902DD0FFE70898016865
:10217000012040F27042C4F202029142019022D04A
:10218000FFE708980168012040F28842C4F2020289
:102190009142019017D0FFE708980168012040F2B2
:1021A000A042C4F20202914201900CD0FFE70898CD
:1021B00000684FF64831CBF6FD710844B0FA80F064
:1021C00040090190FFE70198C00750B3FFE7089866
:1021D000C06D00F01F013F20884004998860089876
:1021E0000168086820F4802008600598089909684B
:1021F000486008988068402809D1FFE70698089948
:1022000009688860079808990968C86008E0079815
:10221000089909688860069808990968C860FFE706
:1022200082E008980168012045F20842C5F60202E2
:10223000914200904ED0FFE708980168012045F2D6
:102240001C42C5F602029142009043D0FFE7089875
:102250000168012045F23042C5F602029142009029
:1022600038D0FFE708980168012045F24442C5F6DE
:102270000202914200902DD0FFE7089801680120EA
:1022800045F25842C5F602029142009022D0FFE783
:1022900008980168012045F26C42C5F6020291429D
:1022A000009017D0FFE708980168012045F28042AE
:1022B000C5F60202914200900CD0FFE70898006832
:1022C0004AF66C31CAF2FD710844B0FA80F0400958
:1022D0000090FFE70098C00720B3FFE70898C06DA3
:1022E00000F01F0101208840039948600598089973
:1022F0000968486008988068402809D1FFE7069877
:10230000089909688860079808990968C86008E012
:102310000798089909688860069808990968C8604C
:10232000FFE700E0FFE7FFE709B0704700000000AB
:10233000704700000000000080B54FF4806004F09A
:10234000CBFD4FF4006004F0C7FD4FF4805004F063
:10235000C3FD4FF4804004F0BFFD80BD00000000CD
:1023600081B0EFF3108072B60090FFE7FEE7000047
:1023700080B541F66C60C2F2004003F039FE80BDCA
:1023800080B541F66C60C2F2004003F031FE80BDC2
:1023900080B541F60C70C2F2004003F029FE80BD0A
:1023A00080B541F6AC70C2F2004003F021FE80BD62
:1023B00084B002900298406B009002980068D0F8B8
:1023C00084004FF6FC718843009940EA810002992D
:1023D0000968C1F8840002980068D0F8840020F4ED
:1023E0007F00029A1168926B40EA0240C1F88400B3
:1023F0000298816B00980844009002980068D0F819
:1024000088006FF38F00009940EA81000299096803
:10241000C1F8880002980068D0F8880020F4FE0017
:10242000029A1168D26B40EA0240C1F88800029813
:10243000C16B009800EB4100009002980068D0F852
:10244000A0006FF38F00009940EA810002990968AB
:10245000C1F8A00002980068D0F8A00020F4FE00A7
:10246000029A1168126C40EA0240C1F8A000029979
:10247000086C496C009A00FB0120009002980068EB
:10248000D0F8B0006FF38F00009940EA8100029904
:102490000968C1F8B00002980068D0F8B00020F4D4
:1024A000FE00029A1168926C40EA0240C1F8B00046
:1024B0000299886CC96C009A00FB01200090029878
:1024C0000068D0F8AC006FF38F00009940EA8100FB
:1024D00002990968C1F8AC000299086D496D009A2B
:1024E00000FB0120009002980068D0F8F0006FF324
:1024F0008F00009940EA810002990968C1F8F00054
:1025000002980068D0F8F00020F47C10029A11685C
:10251000926D40EA0240C1F8F0000298816D009887
:1025200000EB4100009002980068D0F8C0006FF303
:102530008F00009940EA810002990968C1F8C00043
:1025400002980068D0F8C00020F47C10029A11684C
:10255000D26D40EA0240C1F8C00002980068D0F88D
:10256000C00020F07C50029A1168126E40EA0260AE
:10257000C1F8C00002994A6B4AF60040C4F200005C
:1025800000EB8200C86602998A6BC86E00EB82007D
:1025900008670299CA6B086F00EBC200486702998E
:1025A0000A6C4B6C486F5A4300EB820088670299B3
:1025B0008A6CCB6C886F5A4300EB8200C867029923
:1025C0000A6D4B6DC86F5A4300EB8200C1F8800062
:1025D00002998A6DD1F8800000EBC200C1F8840036
:1025E0000299CA6D8B6ED1F884005A4300EB8200C9
:1025F000C1F8880002990A6E8B6ED1F888005A43A0
:1026000000EB8200C1F890000298D0F890004DF2E3
:10261000FD31C4F2000188420FD3FFE70299D1F8DF
:102620009C0040F02000C1F89C000299032081F832
:10263000980001208DF80F0017E00298C06E0190FD
:10264000FFE701980299D1F89010884208D2FFE77D
:10265000019900200860FFE7019804300190F0E73D
:10266000FFE700208DF80F00FFE79DF80F0004B092
:10267000704700000000000088B0079006910592A6
:1026800004930698406848B9FFE706980168826895
:102690000069104340EA8140039009E00698016810
:1026A000826800691043084340F080400390FFE7D0
:1026B0000698D0F820C0C16842698369C06940EAC1
:1026C0000C601843104340EA014002900798826E64
:1026D000D0F884000499514300EB810001900398E5
:1026E00001990860019804300190029801990860EE
:1026F00001980430019000200090FFE700980699AF
:10270000CA6843F61401C0F60101895C88420DD203
:10271000FFE7059800994058019908600198043036
:102720000190FFE7009804300090E7E708B0704799
:1027300080B58AB0089004F0D7FD0490089828B9B5
:10274000FFE701208DF8270000F0AABC089890F858
:10275000350002280ED0FFE7089980204865FFE782
:102760000899002081F83400FFE701208DF8270048
:1027700000F096BC0898016801201022C4F2020201
:102780009142039000F0A380FFE7089801680120C0
:102790002822C4F202029142039000F09880FFE7E1
:1027A0000898016801204022C4F20202914203907D
:1027B00000F08D80FFE70898016801205822C4F2DC
:1027C00002029142039000F08280FFE708980168BE
:1027D00001207022C4F202029142039077D0FFE7F9
:1027E0000898016801208822C4F2020291420390F5
:1027F0006DD0FFE7089801680120A022C4F2020210
:102800009142039063D0FFE7089801680120B82245
:10281000C4F202029142039059D0FFE70898016880
:10282000012040F21042C4F20202914203904ED0C5
:10283000FFE708980168012040F22842C4F2020232
:102840009142039043D0FFE708980168012040F2CD
:102850004042C4F202029142039038D0FFE7089848
:102860000168012040F25842C4F2020291420390F2
:102870002DD0FFE708980168012040F27042C4F2B1
:1028800002029142039022D0FFE7089801680120DC
:1028900040F28842C4F202029142039017D0FFE74F
:1028A00008980168012040F2A042C4F2020291425D
:1028B00003900CD0FFE7089800684FF64831CBF63C
:1028C000FD710844B0FA80F040090390FFE70398D7
:1028D000C00780B1FFE708980168086820F01E0073
:1028E000086008980168486920F0800048610898ED
:1028F0000068059009E008980168086820F00E005B
:102900000860089800680590FFE7089801680120B2
:102910001022C4F202029142029000F00381FFE70C
:102920000898016801202822C4F202029142029014
:1029300000F0F880FFE70898016801204022C4F207
:1029400002029142029000F0ED80FFE708980168D2
:1029500001205822C4F202029142029000F0E2806B
:10296000FFE70898016801207022C4F20202914238
:10297000029000F0D780FFE70898016801208822C4
:10298000C4F202029142029000F0CC80FFE7089866
:1029900001680120A022C4F202029142029000F0DC
:1029A000C180FFE7089801680120B822C4F2020242
:1029B0009142029000F0B680FFE70898016801207C
:1029C00040F21042C4F202029142029000F0AA804A
:1029D000FFE708980168012040F22842C4F2020291
:1029E0009142029000F09E80FFE708980168012064
:1029F00040F24042C4F202029142029000F0928002
:102A0000FFE708980168012040F25842C4F2020230
:102A10009142029000F08680FFE70898016801204B
:102A200040F27042C4F20202914202907AD0FFE773
:102A300008980168012040F28842C4F202029142E3
:102A400002906FD0FFE708980168012040F2A04291
:102A5000C4F202029142029064D0FFE70898016834
:102A6000012040F2B842C4F202029142029059D0D1
:102A7000FFE708980168012045F20842C5F6020206
:102A8000914202904ED0FFE708980168012045F27C
:102A90001C42C5F602029142029043D0FFE708981B
:102AA0000168012045F23042C5F6020291420290CF
:102AB00038D0FFE708980168012045F24442C5F686
:102AC0000202914202902DD0FFE708980168012090
:102AD00045F25842C5F602029142029022D0FFE729
:102AE00008980168012045F26C42C5F60202914245
:102AF000029017D0FFE708980168012045F2804254
:102B0000C5F60202914202900CD0FFE708980068D7
:102B10004AF66C31CAF2FD710844B0FA80F04009FF
:102B20000290FFE70298C00738B1FFE70898016EEE
:102B3000086820F480700860FFE70898006810219A
:102B4000C4F20201884200F08180FFE70898006823
:102B50002821C4F20201884278D0FFE70898006873
:102B60004021C4F20201884270D0FFE70898006853
:102B70005821C4F20201884268D0FFE70898006833
:102B80007021C4F20201884260D0FFE70898006813
:102B90008821C4F20201884258D0FFE708980068F3
:102BA000A021C4F20201884250D0FFE708980068D3
:102BB000B821C4F20201884248D0FFE708980068B3
:102BC00040F21041C4F2020188423FD0FFE708986A
:102BD000006840F22841C4F20201884236D0FFE783
:102BE0000898006840F24041C4F2020188422DD0AA
:102BF000FFE70898006840F25841C4F20201884299
:102C000024D0FFE70898006840F27041C4F2020146
:102C100088421BD0FFE70898006840F28841C4F260
:102C20000201884212D0FFE70898006840F2A041F4
:102C3000C4F20201884209D0FFE70898006840F218
:102C4000B841C4F20201884207D1FFE70898016841
:102C5000086820F00100086006E00898016808682C
:102C600020F001000860FFE7FFE705980068C00753
:102C7000C8B1FFE704F038FB0499401A062811D3C5
:102C8000FFE70899202048650899032081F835005E
:102C9000FFE70899002081F83400FFE701208DF854
:102CA0002700FDE1E1E70898016801201022C4F245
:102CB00002029142019000F0A380FFE708980168AA
:102CC00001202822C4F202029142019000F0988073
:102CD000FFE70898016801204022C4F202029142F5
:102CE000019000F08D80FFE70898016801205822CC
:102CF000C4F202029142019000F08280FFE708983E
:102D0000016801207022C4F202029142019077D042
:102D1000FFE70898016801208822C4F2020291426C
:102D200001906DD0FFE7089801680120A022C4F24D
:102D300002029142019063D0FFE7089801680120E8
:102D4000B822C4F202029142019059D0FFE70898DC
:102D50000168012040F21042C4F202029142019047
:102D60004ED0FFE708980168012040F22842C4F2E3
:102D700002029142019043D0FFE7089801680120C8
:102D800040F24042C4F202029142019038D0FFE783
:102D900008980168012040F25842C4F202029142B0
:102DA00001902DD0FFE708980168012040F27042A1
:102DB000C4F202029142019022D0FFE70898016814
:102DC000012040F28842C4F202029142019017D0E1
:102DD000FFE708980168012040F2A042C4F2020215
:102DE000914201900CD0FFE7089800684FF64831F7
:102DF000CBF6FD710844B0FA80F040090190FFE77E
:102E00000198C00760B1FFE70898806D07900898A7
:102E1000C06D00F01F013F208840079988600BE0DB
:102E20000898806D06900898C06D00F01F01012081
:102E3000884006994860FFE7089801680120102241
:102E4000C4F202029142009000F00381FFE708986B
:102E5000016801202822C4F202029142009000F091
:102E6000F880FFE70898016801204022C4F20202BE
:102E70009142009000F0ED80FFE708980168012082
:102E80005822C4F202029142009000F0E280FFE773
:102E90000898016801207022C4F202029142009059
:102EA00000F0D780FFE70898016801208822C4F26B
:102EB00002029142009000F0CC80FFE70898016880
:102EC0000120A022C4F202029142009000F0C180D1
:102ED000FFE7089801680120B822C4F2020291427B
:102EE000009000F0B680FFE708980168012040F2EA
:102EF0001042C4F202029142009000F0AA80FFE763
:102F000008980168012040F22842C4F2020291426E
:102F1000009000F09E80FFE708980168012040F2D1
:102F20004042C4F202029142009000F09280FFE71A
:102F300008980168012040F25842C4F2020291420E
:102F4000009000F08680FFE708980168012040F2B9
:102F50007042C4F20202914200907AD0FFE70898D2
:102F60000168012040F28842C4F2020291420090BE
:102F70006FD0FFE708980168012040F2A042C4F238
:102F800002029142009064D0FFE708980168012096
:102F900040F2B842C4F202029142009059D0FFE7D9
:102FA00008980168012045F20842C5F602029142E4
:102FB00000904ED0FFE708980168012045F21C42BE
:102FC000C5F602029142009043D0FFE708980168DD
:102FD000012045F23042C5F602029142009038D0FD
:102FE000FFE708980168012045F24442C5F6020255
:102FF000914200902DD0FFE708980168012045F22A
:103000005842C5F602029142009022D0FFE708988C
:103010000168012045F26C42C5F60202914200901F
:1030200017D0FFE708980168012045F28042C5F6F5
:103030000202914200900CD0FFE7089800684AF61F
:103040006C31CAF2FD710844B0FA80F0400900907A
:10305000FFE70098C007A0B1FFE70898416E806EB7
:1030600048600898C06E58B1FFE70898C16E0868BC
:1030700020F4807008600898016F406F4860FFE797
:10308000FFE70899012081F83500FFE70899002043
:1030900081F83400FFE7FFE700208DF82700FFE705
:1030A0009DF827000AB080BD80B586B004900498D2
:1030B00020B9FFE701208DF8170046E3049890F847
:1030C0003500022807D0FFE70499802048650120D9
:1030D0008DF8170039E30498016801201022C4F22A
:1030E00002029142029000F0A380FFE70498016879
:1030F00001202822C4F202029142029000F098803E
:10310000FFE70498016801204022C4F202029142C4
:10311000029000F08D80FFE704980168012058229A
:10312000C4F202029142029000F08280FFE704980C
:10313000016801207022C4F202029142029077D00D
:10314000FFE70498016801208822C4F2020291423C
:1031500002906DD0FFE7049801680120A022C4F21C
:1031600002029142029063D0FFE7049801680120B7
:10317000B822C4F202029142029059D0FFE70498AB
:103180000168012040F21042C4F202029142029012
:103190004ED0FFE704980168012040F22842C4F2B3
:1031A00002029142029043D0FFE704980168012097
:1031B00040F24042C4F202029142029038D0FFE74E
:1031C00004980168012040F25842C4F20202914280
:1031D00002902DD0FFE704980168012040F2704270
:1031E000C4F202029142029022D0FFE704980168E3
:1031F000012040F28842C4F202029142029017D0AC
:10320000FFE704980168012040F2A042C4F20202E4
:10321000914202900CD0FFE7049800684FF64831C5
:10322000CBF6FD710844B0FA80F040090290FFE748
:103230000298C007002800F09D80FFE70499042051
:1032400081F83500049800681021C4F20201884218
:1032500000F08180FFE7049800682821C4F2020191
:10326000884278D0FFE7049800684021C4F2020148
:10327000884270D0FFE7049800685821C4F2020128
:10328000884268D0FFE7049800687021C4F2020108
:10329000884260D0FFE7049800688821C4F20201E8
:1032A000884258D0FFE704980068A021C4F20201C8
:1032B000884250D0FFE704980068B821C4F20201A8
:1032C000884248D0FFE70498006840F21041C4F2F9
:1032D000020188423FD0FFE70498006840F228418D
:1032E000C4F20201884236D0FFE70498006840F239
:1032F0004041C4F2020188422DD0FFE704980068E3
:1033000040F25841C4F20201884224D0FFE70498F9
:10331000006840F27041C4F2020188421BD0FFE70E
:103320000498006840F28841C4F20201884212D039
:10333000FFE70498006840F2A041C4F2020188420D
:1033400009D0FFE70498006840F2B841C4F20201D6
:10335000884207D1FFE704980168086820F001005F
:10336000086006E004980168086820F00100086021
:10337000FFE7E5E104980168086820F00E000860A6
:10338000049800681021C4F20201884200F0818094
:10339000FFE7049800682821C4F20201884278D02F
:1033A000FFE7049800684021C4F20201884270D00F
:1033B000FFE7049800685821C4F20201884268D0EF
:1033C000FFE7049800687021C4F20201884260D0CF
:1033D000FFE7049800688821C4F20201884258D0AF
:1033E000FFE704980068A021C4F20201884250D08F
:1033F000FFE704980068B821C4F20201884248D06F
:10340000FFE70498006840F21041C4F202018842CC
:103410003FD0FFE70498006840F22841C4F202015F
:10342000884236D0FFE70498006840F24041C4F279
:10343000020188422DD0FFE70498006840F258410D
:10344000C4F20201884224D0FFE70498006840F2E9
:103450007041C4F2020188421BD0FFE70498006863
:1034600040F28841C4F20201884212D0FFE704987A
:10347000006840F2A041C4F20201884209D0FFE78F
:103480000498006840F2B841C4F20201884207D1B2
:10349000FFE704980168086820F00100086006E072
:1034A00004980168086820F001000860FFE70498AC
:1034B000016801201022C4F202029142019000F042
:1034C0000381FFE70498016801202822C4F2020268
:1034D0009142019000F0F880FFE704980168012014
:1034E0004022C4F202029142019000F0ED80FFE719
:1034F0000498016801205822C4F20202914201900E
:1035000000F0E280FFE70498016801207022C4F215
:1035100002029142019000F0D780FFE70498016811
:1035200001208822C4F202029142019000F0CC8076
:10353000FFE7049801680120A022C4F20202914230
:10354000019000F0C180FFE7049801680120B822D3
:10355000C4F202029142019000F0B680FFE70498A5
:103560000168012040F21042C4F20202914201902F
:1035700000F0AA80FFE704980168012040F2284289
:10358000C4F202029142019000F09E80FFE704988D
:103590000168012040F24042C4F2020291420190CF
:1035A00000F09280FFE704980168012040F2584241
:1035B000C4F202029142019000F08680FFE7049875
:1035C0000168012040F27042C4F20202914201906F
:1035D0007AD0FFE704980168012040F28842C4F2E3
:1035E0000202914201906FD0FFE704980168012028
:1035F00040F2A042C4F202029142019064D0FFE77F
:1036000004980168012040F2B842C4F202029142DB
:10361000019059D0FFE704980168012045F2084263
:10362000C5F60202914201904ED0FFE7049801686E
:10363000012045F21C42C5F602029142019043D09E
:10364000FFE704980168012045F23042C5F6020206
:103650009142019038D0FFE704980168012045F2BB
:103660004442C5F60202914201902DD0FFE7049832
:103670000168012045F25842C5F6020291420190CC
:1036800022D0FFE704980168012045F26C42C5F69C
:1036900002029142019017D0FFE7049801680120CF
:1036A00045F28042C5F60202914201900CD0FFE73C
:1036B000049800684AF66C31CAF2FD710844B0FA09
:1036C00080F040090190FFE70198C00728B3FFE7A9
:1036D0000498016E086820F4807008600498806D7A
:1036E00003900498C06D00F01F01012088400399E9
:1036F00048600498416E806E48600498C06E58B16E
:10370000FFE70498C16E086820F480700860049890
:10371000016F406F4860FFE7FFE70499012081F8DF
:103720003500FFE70499002081F83400FFE7049892
:10373000006D20B1FFE70498016D8847FFE7FFE7C0
:10374000FFE700208DF81700FFE79DF8170006B08F
:1037500080BD00000000000080B590B00F900020F8
:103760000B9040F20000C2F20040006848F2B51130
:10377000C1F64E31A0FB0110800A0A900F98806DAF
:1037800009900F98806D0890099800680E9008982D
:1037900000680D900F98016801201022C4F2020207
:1037A0009142079000F0A380FFE70F980168012085
:1037B0002822C4F202029142079000F09880FFE7AD
:1037C0000F98016801204022C4F202029142079042
:1037D00000F08D80FFE70F98016801205822C4F2A5
:1037E00002029142079000F08280FFE70F98016883
:1037F00001207022C4F202029142079077D0FFE7C5
:103800000F98016801208822C4F2020291420790B9
:103810006DD0FFE70F9801680120A022C4F20202D8
:103820009142079063D0FFE70F9801680120B8220A
:10383000C4F202029142079059D0FFE70F98016845
:10384000012040F21042C4F20202914207904ED091
:10385000FFE70F980168012040F22842C4F20202FB
:103860009142079043D0FFE70F980168012040F292
:103870004042C4F202029142079038D0FFE70F980D
:103880000168012040F25842C4F2020291420790BE
:103890002DD0FFE70F980168012040F27042C4F27A
:1038A00002029142079022D0FFE70F9801680120A1
:1038B00040F28842C4F202029142079017D0FFE71B
:1038C0000F980168012040F2A042C4F20202914226
:1038D00007900CD0FFE70F9800684FF64831CBF601
:1038E000FD710844B0FA80F040090790FFE707989F
:1038F000C007002800F01385FFE70E980F99C96DE7
:1039000001F01F01C8400007002840F1B080FFE728
:103910000F9800681021C4F20201884200F08180F3
:10392000FFE70F9800682821C4F20201884278D08E
:10393000FFE70F9800684021C4F20201884270D06E
:10394000FFE70F9800685821C4F20201884268D04E
:10395000FFE70F9800687021C4F20201884260D02E
:10396000FFE70F9800688821C4F20201884258D00E
:10397000FFE70F980068A021C4F20201884250D0EE
:10398000FFE70F980068B821C4F20201884248D0CE
:10399000FFE70F98006840F21041C4F2020188422C
:1039A0003FD0FFE70F98006840F22841C4F20201BF
:1039B000884236D0FFE70F98006840F24041C4F2D9
:1039C000020188422DD0FFE70F98006840F258416D
:1039D000C4F20201884224D0FFE70F98006840F249
:1039E0007041C4F2020188421BD0FFE70F980068C3
:1039F00040F28841C4F20201884212D0FFE70F98DA
:103A0000006840F2A041C4F20201884209D0FFE7F9
:103A10000F98006840F2B841C4F20201884207D111
:103A2000FFE70F980068006800F00400069006E0C9
:103A30000F980068006800F008000690FFE70698FD
:103A4000A0B1FFE70F980168086820F00400086043
:103A50000F98C06D00F01F01082088400999886008
:103A60000F99486D40F001004865FFE7FFE70E98A9
:103A70000F99C96D01F01F01C840C007002800F070
:103A8000A980FFE70F9800681021C4F20201884264
:103A900000F08180FFE70F9800682821C4F202013E
:103AA000884278D0FFE70F9800684021C4F20201F5
:103AB000884270D0FFE70F9800685821C4F20201D5
:103AC000884268D0FFE70F9800687021C4F20201B5
:103AD000884260D0FFE70F9800688821C4F2020195
:103AE000884258D0FFE70F980068A021C4F2020175
:103AF000884250D0FFE70F980068B821C4F2020155
:103B0000884248D0FFE70F98006840F21041C4F2A5
:103B1000020188423FD0FFE70F98006840F2284139
:103B2000C4F20201884236D0FFE70F98006840F2E5
:103B30004041C4F2020188422DD0FFE70F9800688F
:103B400040F25841C4F20201884224D0FFE70F98A6
:103B5000006840F27041C4F2020188421BD0FFE7C6
:103B60000F98006840F28841C4F20201884212D0E6
:103B7000FFE70F98006840F2A041C4F202018842BA
:103B800009D0FFE70F98006840F2B841C4F2020183
:103B9000884207D1FFE70F980068406900F0800075
:103BA000059005E00F980068006800200590FFE789
:103BB000059870B1FFE70F98C06D00F01F0101205C
:103BC0008840099988600F99486D40F00200486567
:103BD000FFE7FFE70E980F99C96D01F01F01C8407C
:103BE0004007002840F1A980FFE70F9800681021E6
:103BF000C4F20201884200F08180FFE70F9800685C
:103C00002821C4F20201884278D0FFE70F980068AB
:103C10004021C4F20201884270D0FFE70F9800688B
:103C20005821C4F20201884268D0FFE70F9800686B
:103C30007021C4F20201884260D0FFE70F9800684B
:103C40008821C4F20201884258D0FFE70F9800682B
:103C5000A021C4F20201884250D0FFE70F9800680B
:103C6000B821C4F20201884248D0FFE70F980068EB
:103C700040F21041C4F2020188423FD0FFE70F98A2
:103C8000006840F22841C4F20201884236D0FFE7C2
:103C90000F98006840F24041C4F2020188422DD0E2
:103CA000FFE70F98006840F25841C4F202018842D1
:103CB00024D0FFE70F98006840F27041C4F202017F
:103CC00088421BD0FFE70F98006840F28841C4F299
:103CD0000201884212D0FFE70F98006840F2A0412D
:103CE000C4F20201884209D0FFE70F98006840F251
:103CF000B841C4F20201884207D1FFE70F9800687B
:103D0000006800F00200049005E00F980068006869
:103D100000200490FFE7049870B1FFE70F98C06D92
:103D200000F01F0104208840099988600F99486DB0
:103D300040F004004865FFE7FFE70E980F99C96D52
:103D400001F01F01C840C006002840F1DE80FFE7F7
:103D50000F9800681021C4F20201884200F08180AF
:103D6000FFE70F9800682821C4F20201884278D04A
:103D7000FFE70F9800684021C4F20201884270D02A
:103D8000FFE70F9800685821C4F20201884268D00A
:103D9000FFE70F9800687021C4F20201884260D0EA
:103DA000FFE70F9800688821C4F20201884258D0CA
:103DB000FFE70F980068A021C4F20201884250D0AA
:103DC000FFE70F980068B821C4F20201884248D08A
:103DD000FFE70F98006840F21041C4F202018842E8
:103DE0003FD0FFE70F98006840F22841C4F202017B
:103DF000884236D0FFE70F98006840F24041C4F295
:103E0000020188422DD0FFE70F98006840F2584128
:103E1000C4F20201884224D0FFE70F98006840F204
:103E20007041C4F2020188421BD0FFE70F9800687E
:103E300040F28841C4F20201884212D0FFE70F9895
:103E4000006840F2A041C4F20201884209D0FFE7B5
:103E50000F98006840F2B841C4F20201884207D1CD
:103E6000FFE70F980068006800F00800039006E084
:103E70000F980068006800F004000390FFE70398C3
:103E8000002841D0FFE70F98C06D00F01F011020FF
:103E90008840099988600F980068006840030028EE
:103EA0001AD5FFE70F98006800680003002809D4BE
:103EB000FFE70F98006C20B1FFE70F98016C88476F
:103EC000FFE708E00F98806C20B1FFE70F98816C46
:103ED0008847FFE7FFE716E00F9800680068C00515
:103EE000002807D4FFE70F980168086820F0080051
:103EF0000860FFE70F98006C20B1FFE70F98016C96
:103F00008847FFE7FFE7FFE7FFE70E980F99C96DC6
:103F100001F01F01C8408006002840F12681FFE71C
:103F20000F9800681021C4F20201884200F08180DD
:103F3000FFE70F9800682821C4F20201884278D078
:103F4000FFE70F9800684021C4F20201884270D058
:103F5000FFE70F9800685821C4F20201884268D038
:103F6000FFE70F9800687021C4F20201884260D018
:103F7000FFE70F9800688821C4F20201884258D0F8
:103F8000FFE70F980068A021C4F20201884250D0D8
:103F9000FFE70F980068B821C4F20201884248D0B8
:103FA000FFE70F98006840F21041C4F20201884216
:103FB0003FD0FFE70F98006840F22841C4F20201A9
:103FC000884236D0FFE70F98006840F24041C4F2C3
:103FD000020188422DD0FFE70F98006840F2584157
:103FE000C4F20201884224D0FFE70F98006840F233
:103FF0007041C4F2020188421BD0FFE70F980068AD
:1040000040F28841C4F20201884212D0FFE70F98C3
:10401000006840F2A041C4F20201884209D0FFE7E3
:104020000F98006840F2B841C4F20201884207D1FB
:10403000FFE70F980068006800F01000029006E0AB
:104040000F980068006800F002000290FFE70298F5
:10405000002800F08980FFE70F98C06D00F01F0175
:1040600020208840099988600F9890F8350004282E
:1040700037D1FFE70F980168086820F01600086044
:104080000F980168486920F0800048610F98006C23
:1040900020B9FFE70F98806C38B1FFE70F980168EF
:1040A000086820F008000860FFE70F98C06D00F076
:1040B0001F013F208840099988600F99012081F8ED
:1040C0003500FFE70F99002081F83400FFE70F98D3
:1040D000006D20B1FFE70F98016D8847FFE700F002
:1040E00019BC0F9800680068400300281AD5FFE744
:1040F0000F98006800680003002809D4FFE70F98B4
:10410000406C20B1FFE70F98416C8847FFE708E05B
:104110000F98C06B20B1FFE70F98C16B8847FFE78E
:10412000FFE720E00F9800680068C005002811D460
:10413000FFE70F980168086820F0100008600F99E9
:10414000012081F83500FFE70F99002081F8340045
:10415000FFE7FFE70F98C06B20B1FFE70F98C16B37
:104160008847FFE7FFE7FFE7FFE70F98406D00286C
:1041700000F0D480FFE70F98406DC007002800F0E2
:10418000C480FFE70F99042081F835000F9800687C
:104190001021C4F20201884200F08180FFE70F98ED
:1041A00000682821C4F20201884278D0FFE70F9806
:1041B00000684021C4F20201884270D0FFE70F98E6
:1041C00000685821C4F20201884268D0FFE70F98C6
:1041D00000687021C4F20201884260D0FFE70F98A6
:1041E00000688821C4F20201884258D0FFE70F9886
:1041F0000068A021C4F20201884250D0FFE70F9866
:104200000068B821C4F20201884248D0FFE70F9845
:10421000006840F21041C4F2020188423FD0FFE73B
:104220000F98006840F22841C4F20201884236D05B
:10423000FFE70F98006840F24041C4F20201884253
:104240002DD0FFE70F98006840F25841C4F20201F8
:10425000884224D0FFE70F98006840F27041C4F212
:10426000020188421BD0FFE70F98006840F28841A6
:10427000C4F20201884212D0FFE70F98006840F2B2
:10428000A041C4F20201884209D0FFE70F980068FC
:1042900040F2B841C4F20201884207D1FFE70F980B
:1042A0000168086820F00100086006E00F980168C6
:1042B000086820F001000860FFE7FFE70B98013075
:1042C0000B900A99884201D9FFE707E0FFE70F98B2
:1042D00000680068C0070028F0D1FFE70F98006869
:1042E0000068C00728B1FFE70F99032081F8350067
:1042F00004E00F99012081F83500FFE7FFE70F99EF
:10430000002081F83400FFE7FFE70F98C06C20B170
:10431000FFE70F98C16C8847FFE7FFE7FAE20F98C5
:104320000168012045F20842C5F60202914201905F
:104330004ED0FFE70F980168012045F21C42C5F6F8
:1043400002029142019043D0FFE70F9801680120DB
:1043500045F23042C5F602029142019038D0FFE7A3
:104360000F980168012045F24442C5F602029142CD
:1043700001902DD0FFE70F980168012045F25842C7
:10438000C5F602029142019022D0FFE70F98016822
:10439000012045F26C42C5F602029142019017D00D
:1043A000FFE70F980168012045F28042C5F602023E
:1043B000914201900CD0FFE70F9800684AF66C31EB
:1043C000CAF2FD710844B0FA80F040090190FFE79D
:1043D0000198C007002800F09B82FFE70F98006853
:1043E00000680C900D980F99C96D01F01F01C8402D
:1043F0004007002840F1D780FFE79DF830004007D4
:10440000002840F1D080FFE70F98C06D00F01F0139
:1044100004208840089948609DF831000006002873
:1044200018D5FFE79DF83200C00748B9FFE70F989D
:10443000806C20B1FFE70F98816C8847FFE708E0A8
:104440000F98006C20B1FFE70F98016C8847FFE7D9
:10445000FFE7A7E09DF830008006002800F1998072
:10446000FFE70F9800681021C4F20201884200F0B3
:104470008180FFE70F9800682821C4F2020188427A
:1044800078D0FFE70F9800684021C4F2020188420B
:1044900070D0FFE70F9800685821C4F202018842EB
:1044A00068D0FFE70F9800687021C4F202018842CB
:1044B00060D0FFE70F9800688821C4F202018842AB
:1044C00058D0FFE70F980068A021C4F2020188428B
:1044D00050D0FFE70F980068B821C4F2020188426B
:1044E00048D0FFE70F98006840F21041C4F2020183
:1044F00088423FD0FFE70F98006840F22841C4F29D
:104500000201884236D0FFE70F98006840F2404130
:10451000C4F2020188422DD0FFE70F98006840F2F4
:104520005841C4F20201884224D0FFE70F98006886
:1045300040F27041C4F2020188421BD0FFE70F989D
:10454000006840F28841C4F20201884212D0FFE7BD
:104550000F98006840F2A041C4F20201884209D0DD
:10456000FFE70F98006840F2B841C4F202018842A8
:1045700007D1FFE70F980168086820F0080008607D
:1045800006E00F980168086820F004000860FFE763
:10459000FFE70F98006C20B1FFE70F98016C884788
:1045A000FFE7FFE7B3E10D980F99C96D01F01F0117
:1045B000C8408007002840F1E180FFE79DF8300007
:1045C0008007002840F1DA80FFE70F98C06D00F007
:1045D0001F0102208840089948609DF831000006BC
:1045E000002818D5FFE79DF83200C00748B9FFE75B
:1045F0000F98406C20B1FFE70F98416C8847FFE7A8
:1046000008E00F98C06B20B1FFE70F98C16B884797
:10461000FFE7FFE7B1E09DF830008006002800F1D9
:10462000A380FFE70F9800681021C4F202018842BE
:1046300000F08180FFE70F9800682821C4F2020192
:10464000884278D0FFE70F9800684021C4F2020149
:10465000884270D0FFE70F9800685821C4F2020129
:10466000884268D0FFE70F9800687021C4F2020109
:10467000884260D0FFE70F9800688821C4F20201E9
:10468000884258D0FFE70F980068A021C4F20201C9
:10469000884250D0FFE70F980068B821C4F20201A9
:1046A000884248D0FFE70F98006840F21041C4F2FA
:1046B000020188423FD0FFE70F98006840F228418E
:1046C000C4F20201884236D0FFE70F98006840F23A
:1046D0004041C4F2020188422DD0FFE70F980068E4
:1046E00040F25841C4F20201884224D0FFE70F98FB
:1046F000006840F27041C4F2020188421BD0FFE71B
:104700000F98006840F28841C4F20201884212D03A
:10471000FFE70F98006840F2A041C4F2020188420E
:1047200009D0FFE70F98006840F2B841C4F20201D7
:10473000884207D1FFE70F980168086820F014004D
:10474000086006E00F980168086820F00A00086019
:10475000FFE70F99012081F83500FFE70F9900204E
:1047600081F83400FFE7FFE70F98C06B20B1FFE747
:104770000F98C16B8847FFE7FFE7C7E00D980F99D7
:10478000C96D01F01F01C8400007002840F1BC803E
:10479000FFE79DF830000007002840F1B580FFE7F3
:1047A0000F9800681021C4F20201884200F0818055
:1047B000FFE70F9800682821C4F20201884278D0F0
:1047C000FFE70F9800684021C4F20201884270D0D0
:1047D000FFE70F9800685821C4F20201884268D0B0
:1047E000FFE70F9800687021C4F20201884260D090
:1047F000FFE70F9800688821C4F20201884258D070
:10480000FFE70F980068A021C4F20201884250D04F
:10481000FFE70F980068B821C4F20201884248D02F
:10482000FFE70F98006840F21041C4F2020188428D
:104830003FD0FFE70F98006840F22841C4F2020120
:10484000884236D0FFE70F98006840F24041C4F23A
:10485000020188422DD0FFE70F98006840F25841CE
:10486000C4F20201884224D0FFE70F98006840F2AA
:104870007041C4F2020188421BD0FFE70F98006824
:1048800040F28841C4F20201884212D0FFE70F983B
:10489000006840F2A041C4F20201884209D0FFE75B
:1048A0000F98006840F2B841C4F20201884207D173
:1048B000FFE70F980168086820F01C00086006E018
:1048C0000F980168086820F00E000860FFE70F9855
:1048D000C06D00F01F01012000FA01F1089A51603B
:1048E0000F9948650F9981F83500FFE70F9900206F
:1048F00081F83400FFE70F98C06C20B1FFE70F98F4
:10490000C16C8847FFE700E0FFE7FFE7FFE700E053
:10491000FFE7FFE710B080BD10B58EB00C9002F03D
:10492000E3FC0A900C9828B9FFE701208DF83700C6
:1049300000F09EBC0C98016801201022C4F2020213
:104940009142079000F0A380FFE70C9801680120D6
:104950002822C4F202029142079000F09880FFE7FB
:104960000C98016801204022C4F202029142079093
:1049700000F08D80FFE70C98016801205822C4F2F6
:1049800002029142079000F08280FFE70C980168D4
:1049900001207022C4F202029142079077D0FFE713
:1049A0000C98016801208822C4F20202914207900B
:1049B0006DD0FFE70C9801680120A022C4F202022A
:1049C0009142079063D0FFE70C9801680120B8225C
:1049D000C4F202029142079059D0FFE70C98016897
:1049E000012040F21042C4F20202914207904ED0E0
:1049F000FFE70C980168012040F22842C4F202024D
:104A00009142079043D0FFE70C980168012040F2E3
:104A10004042C4F202029142079038D0FFE70C985E
:104A20000168012040F25842C4F20202914207900C
:104A30002DD0FFE70C980168012040F27042C4F2CB
:104A400002029142079022D0FFE70C9801680120F2
:104A500040F28842C4F202029142079017D0FFE769
:104A60000C980168012040F2A042C4F20202914277
:104A700007900CD0FFE70C9800684FF64831CBF652
:104A8000FD710844B0FA80F040090790FFE70798ED
:104A9000C007002800F07881FFE70C98406A08B151
:104AA000FFE7FFE70C99022081F83500FFE70C993A
:104AB000002081F83400FFE70C9800681021C4F250
:104AC0000201884200F08180FFE70C9800682821ED
:104AD000C4F20201884278D0FFE70C9800684021B8
:104AE000C4F20201884270D0FFE70C980068582198
:104AF000C4F20201884268D0FFE70C980068702178
:104B0000C4F20201884260D0FFE70C980068882157
:104B1000C4F20201884258D0FFE70C980068A02137
:104B2000C4F20201884250D0FFE70C980068B82117
:104B3000C4F20201884248D0FFE70C98006840F2B6
:104B40001041C4F2020188423FD0FFE70C98006890
:104B500040F22841C4F20201884236D0FFE70C98A7
:104B6000006840F24041C4F2020188422DD0FFE7C4
:104B70000C98006840F25841C4F20201884224D0E7
:104B8000FFE70C98006840F27041C4F202018842CD
:104B90001BD0FFE70C98006840F28841C4F2020184
:104BA000884212D0FFE70C98006840F2A041C4F29E
:104BB0000201884209D0FFE70C98006840F2B84132
:104BC000C4F20201884207D1FFE70C980168086827
:104BD00020F00100086006E00C980168086820F0E9
:104BE00001000860FFE7FFE70C9800680068C00755
:104BF00098B1FFE702F078FB0A99401A06280BD318
:104C0000FFE70C99202048650C99032081F83500B6
:104C100001208DF837002BE3E6E70C980068006868
:104C20000B900B9848F23F01CFF6106108400B90B3
:104C30000C998868D1F80CC00B694A6940EA0C00ED
:104C4000184310438A691043CA691043096A014333
:104C50000B9808430B900C98406A042808D1FFE792
:104C60000C99C86A096B01430B9808430B90FFE746
:104C70000C984068292807D3FFE70C984168012069
:104C80002F29069036D3FFE70C9840683F2807D3BA
:104C9000FFE70C9841680120432906902AD3FFE7DB
:104CA0000C984068472807D3FFE70C98416801201B
:104CB000492906901ED3FFE70C9840684F2807D378
:104CC000FFE70C98416801205329069012D3FFE7B3
:104CD0000C98416800207429059008D3FFE70C98D0
:104CE00041680020782938BF01200590FFE705982A
:104CF0000690FFE70698C00728B1FFE70B9840F43D
:104D000080100B90FFE70B980C99096808600C98CD
:104D1000006840690B900B9820F007000B900C98EE
:104D2000416A0B9808430B900C98406A04281AD1EA
:104D3000FFE70C98816A0B9808430B900C98C06AA7
:104D400080B1FFE70C98FCF7EFFF50B1FFE70C993B
:104D5000402048650C99012081F835008DF8370016
:104D600086E2FFE7FFE70B980C99096848610C9809
:104D7000FCF79EFD09900C98C06D00F01F013F20CC
:104D800088400999886026E10C980168012045F265
:104D90000842C5F60202914204904ED0FFE70C98FB
:104DA0000168012045F21C42C5F6020291420490BE
:104DB00043D0FFE70C980168012045F23042C5F668
:104DC00002029142049038D0FFE70C98016801205C
:104DD00045F24442C5F60202914204902DD0FFE70D
:104DE0000C980168012045F25842C5F60202914232
:104DF000049022D0FFE70C980168012045F26C4234
:104E0000C5F602029142049017D0FFE70C980168A2
:104E1000012045F28042C5F60202914204900CD076
:104E2000FFE70C9800684AF66C31CAF2FD7108443D
:104E3000B0FA80F040090490FFE70498C00700280A
:104E400000F0BD80FFE70C980168012045F20842A0
:104E5000C5F60202914203904ED0FFE70C9801681C
:104E6000012045F21C42C5F602029142039043D054
:104E7000FFE70C980168012045F23042C5F60202B6
:104E80009142039038D0FFE70C980168012045F269
:104E90004442C5F60202914203902DD0FFE70C98E0
:104EA0000168012045F25842C5F602029142039082
:104EB00022D0FFE70C980168012045F26C42C5F64C
:104EC00002029142039017D0FFE70C98016801207D
:104ED00045F28042C5F60202914203900CD0FFE7F2
:104EE0000C9800684AF66C31CAF2FD710844B0FAB9
:104EF00080F040090390FFE70398C00708B1FFE77F
:104F0000FFE70C99022081F83500FFE70C9900209B
:104F100081F83400FFE70C98006800680B900B984C
:104F20006FF310100B900C988068402803D1FFE7B6
:104F30001020029008E00C9880688038B0FA80F069
:104F4000400980030290FFE702980C99CA680B6938
:104F5000D1F814C0D1F818E0CC694EEA040E4CEA3E
:104F60000E0C43EA0C031A4340EAD200096A40EAF5
:104F700011110B9808430B900B980C990968086065
:104F80000C9908684AF6F832CAF2FD7210444CF6E1
:104F9000CD42CCF6CC42A0FB02026FF0030000EA47
:104FA0009200C8650C98FCF783FC08900C98C06DC3
:104FB00000F01F0101208840089948600AE00C9920
:104FC000402048650C99032081F8350001208DF8B8
:104FD00037004DE1FFE70C98016801201022C4F270
:104FE00002029142019000F00381FFE70C980168F2
:104FF00001202822C4F202029142019000F0F880C0
:10500000FFE70C98016801204022C4F2020291429D
:10501000019000F0ED80FFE70C9801680120582214
:10502000C4F202029142019000F0E280FFE70C9886
:10503000016801207022C4F202029142019000F046
:10504000D780FFE70C98016801208822C4F2020291
:105050009142019000F0CC80FFE70C98016801209C
:10506000A022C4F202029142019000F0C180FFE749
:105070000C9801680120B822C4F20202914201900A
:1050800000F0B680FFE70C980168012040F2104262
:10509000C4F202029142019000F0AA80FFE70C984E
:1050A0000168012040F22842C4F2020291420190BC
:1050B00000F09E80FFE70C980168012040F240421A
:1050C000C4F202029142019000F09280FFE70C9836
:1050D0000168012040F25842C4F20202914201905C
:1050E00000F08680FFE70C980168012040F27042D2
:1050F000C4F20202914201907AD0FFE70C98016855
:10510000012040F28842C4F20202914201906FD025
:10511000FFE70C980168012040F2A042C4F20202AD
:105120009142019064D0FFE70C980168012040F2A1
:10513000B842C4F202029142019059D0FFE70C98A4
:105140000168012045F20842C5F602029142019031
:105150004ED0FFE70C980168012045F21C42C5F6CD
:1051600002029142019043D0FFE70C9801680120B0
:1051700045F23042C5F602029142019038D0FFE775
:105180000C980168012045F24442C5F602029142A2
:1051900001902DD0FFE70C980168012045F258429C
:1051A000C5F602029142019022D0FFE70C980168F7
:1051B000012045F26C42C5F602029142019017D0DF
:1051C000FFE70C980168012045F28042C5F6020213
:1051D000914201900CD0FFE70C9800684AF66C31C0
:1051E000CAF2FD710844B0FA80F040090190FFE76F
:1051F0000198C00790B3FFE70C98FCF741FC0C98AE
:105200008068802804D1FFE70C9900204860FFE700
:105210000C990879096E08600C98416E806E4860A0
:105220000C98406888B1FFE70C98406808280CD8B3
:10523000FFE70C98FCF7E0FC0C98C16E00200860BA
:105240000C98016F406F486007E00C990020C86619
:105250000C9908670C994867FFE7FFE70C99002055
:1052600048650C9A012182F835108DF83700FFE768
:105270009DF837000EB010BD80B588B0069005913E
:105280000492039300208DF80B00069820B9FFE7E5
:1052900001208DF81F006CE3FFE7069890F83400BA
:1052A000012804D1FFE702208DF81F0061E3069971
:1052B000012081F83400FFE7FFE7069890F83500F9
:1052C000012840F04383FFE70699022081F835006A
:1052D000069900204865069800681021C4F2020172
:1052E000884200F08180FFE7069800682821C4F218
:1052F0000201884278D0FFE7069800684021C4F296
:105300000201884270D0FFE7069800685821C4F275
:105310000201884268D0FFE7069800687021C4F255
:105320000201884260D0FFE7069800688821C4F235
:105330000201884258D0FFE706980068A021C4F215
:105340000201884250D0FFE706980068B821C4F2F5
:105350000201884248D0FFE70698006840F21041F9
:10536000C4F2020188423FD0FFE70698006840F28D
:105370002841C4F20201884236D0FFE7069800684F
:1053800040F24041C4F2020188422DD0FFE7069866
:10539000006840F25841C4F20201884224D0FFE77D
:1053A0000698006840F27041C4F2020188421BD0A6
:1053B000FFE70698006840F28841C4F20201884283
:1053C00012D0FFE70698006840F2A041C4F2020143
:1053D000884209D0FFE70698006840F2B841C4F25D
:1053E0000201884207D1FFE706980168086820F0AB
:1053F0000100086006E006980168086820F00100D6
:105400000860FFE706980599049A039BFCF704FDE2
:105410000698016801201022C4F202029142019014
:1054200000F0A380FFE70698016801202822C4F25B
:1054300002029142019000F09880FFE7069801680F
:1054400001204022C4F202029142019000F08D80BE
:10545000FFE70698016801205822C4F20202914237
:10546000019000F08280FFE7069801680120702219
:10547000C4F202029142019077D0FFE706980168DA
:1054800001208822C4F20202914201906DD0FFE710
:10549000069801680120A022C4F202029142019004
:1054A00063D0FFE7069801680120B822C4F2020227
:1054B0009142019059D0FFE706980168012040F21F
:1054C0001042C4F20202914201904ED0FFE70698CA
:1054D0000168012040F22842C4F202029142019088
:1054E00043D0FFE706980168012040F24042C4F231
:1054F00002029142019038D0FFE70698016801202E
:1055000040F25842C4F20202914201902DD0FFE7CE
:1055100006980168012040F27042C4F202029142F2
:10552000019022D0FFE706980168012040F28842EE
:10553000C4F202029142019017D0FFE70698016879
:10554000012040F2A042C4F20202914201900CD02C
:10555000FFE7069800684FF64831CBF6FD71084426
:10556000B0FA80F040090190FFE70198C007A8B1A8
:10557000FFE70698006800680B2161F34400069974
:10558000096808600698006C38B1FFE70698016862
:10559000086840F008000860FFE714E0069800681B
:1055A0000068052161F343000699096808600698C0
:1055B000006C38B1FFE706980168086840F0040005
:1055C0000860FFE7FFE70698016801201022C4F297
:1055D00002029142009000F00381FFE70698016803
:1055E00001202822C4F202029142009000F0F880CB
:1055F000FFE70698016801204022C4F202029142AE
:10560000009000F0ED80FFE7069801680120582225
:10561000C4F202029142009000F0E280FFE7069897
:10562000016801207022C4F202029142009000F051
:10563000D780FFE70698016801208822C4F20202A1
:105640009142009000F0CC80FFE7069801680120AD
:10565000A022C4F202029142009000F0C180FFE754
:10566000069801680120B822C4F20202914200901B
:1056700000F0B680FFE706980168012040F2104272
:10568000C4F202029142009000F0AA80FFE706985F
:105690000168012040F22842C4F2020291420090C7
:1056A00000F09E80FFE706980168012040F240422A
:1056B000C4F202029142009000F09280FFE7069847
:1056C0000168012040F25842C4F202029142009067
:1056D00000F08680FFE706980168012040F27042E2
:1056E000C4F20202914200907AD0FFE70698016866
:1056F000012040F28842C4F20202914200906FD031
:10570000FFE706980168012040F2A042C4F20202BD
:105710009142009064D0FFE706980168012040F2B2
:10572000B842C4F202029142009059D0FFE70698B5
:105730000168012045F20842C5F60202914200903C
:105740004ED0FFE706980168012045F21C42C5F6DD
:1057500002029142009043D0FFE7069801680120C1
:1057600045F23042C5F602029142009038D0FFE780
:1057700006980168012045F24442C5F602029142B2
:1057800000902DD0FFE706980168012045F25842AD
:10579000C5F602029142009022D0FFE70698016808
:1057A000012045F26C42C5F602029142009017D0EA
:1057B000FFE706980168012045F28042C5F6020223
:1057C000914200900CD0FFE7069800684AF66C31D1
:1057D000CAF2FD710844B0FA80F040090090FFE77A
:1057E0000098C007D0B1FFE70698006E0068C003BC
:1057F000002807D5FFE70698016E086840F480701E
:105800000860FFE70698C06E38B1FFE70698C16EE2
:10581000086840F480700860FFE7FFE706980068BA
:105820001021C4F20201884200F08180FFE706984F
:1058300000682821C4F20201884278D0FFE7069868
:1058400000684021C4F20201884270D0FFE7069848
:1058500000685821C4F20201884268D0FFE7069828
:1058600000687021C4F20201884260D0FFE7069808
:1058700000688821C4F20201884258D0FFE70698E8
:105880000068A021C4F20201884250D0FFE70698C8
:105890000068B821C4F20201884248D0FFE70698A8
:1058A000006840F21041C4F2020188423FD0FFE795
:1058B0000698006840F22841C4F20201884236D0BE
:1058C000FFE70698006840F24041C4F202018842B6
:1058D0002DD0FFE70698006840F25841C4F202015B
:1058E000884224D0FFE70698006840F27041C4F275
:1058F000020188421BD0FFE70698006840F2884109
:10590000C4F20201884212D0FFE70698006840F214
:10591000A041C4F20201884209D0FFE7069800685E
:1059200040F2B841C4F20201884207D1FFE706986D
:105930000168086840F00100086006E00698016808
:10594000086840F001000860FFE70DE006994FF499
:1059500000604865FFE70699002081F83400FFE702
:1059600001208DF80B00FFE79DF80B008DF81F005C
:10597000FFE79DF81F0008B080BD00000000000098
:1059800085B0039002910192039890F898008DF8E9
:1059900003009DF80300012805D0FFE79DF80300F0
:1059A00002285DD1FFE7029803990968896D0842D2
:1059B00007D1FFE703980168C86D40F00100C86592
:1059C00015E0029803990968896D08400299884298
:1059D00007D1FFE703980168C86D40F00200C86571
:1059E00004E0039801680320C865FFE7FFE79DF81E
:1059F00009008007002809D5FFE7019A039801688C
:105A0000D1F8E0001043C1F8E000FFE79DF809007D
:105A10004007002809D5FFE7019A03980168D1F8EB
:105A2000E4001043C1F8E400FFE7FFE702984FF6F7
:105A3000FF71C3F6CF7100EA010203980168486D57
:105A400010434865029A4AF61401C4F2000108683E
:105A500040EA92700860FFE700208DF813000AE02A
:105A60000399D1F89C0040F00200C1F89C0001208D
:105A70008DF81300FFE79DF8130005B07047000094
:105A800080B586B00490039102920398406808B9EB
:105A9000FFE700E0FFE7049890F89800022845D15E
:105AA000FFE704980068D0F8C00010F07C5F0BD1CD
:105AB000FFE70499D1F89C0040F02000C1F89C0059
:105AC00001208DF817003CE004980068D0F8C4006D
:105AD000800200280BD5FFE70499D1F89C0040F420
:105AE0000070C1F89C0001208DF8170029E004988F
:105AF0000068D0F8C400C0F30440019004980399F2
:105B0000029A019BFCF7B8FD0199012000FA01F10E
:105B1000049A1268C2F8D010019988400499C1F81B
:105B20009400FFE700208DF817000AE00499D1F8EF
:105B30009C0040F00800C1F89C0001208DF817007F
:105B4000FFE79DF8170006B080BD000000000000D0
:105B500082B00190009102B0704700000000000088
:105B600087B005900491059890F898008DF803008F
:105B70009DF80300012805D0FFE79DF803000228E7
:105B80006AD1FFE70498C068072801D1FFE7FFE763
:105B90000498006878BBFFE70498C068072801D024
:105BA000FFE7FFE70498C06807280CD1FFE7049AD5
:105BB00010699169D269000440EA0220084340F06C
:105BC000605003900CE004998868CB680A694969C1
:105BD000800740EAC36040EA024008430390FFE7C1
:105BE0000598C06E0499496800EB81000190039804
:105BF000019908602CE00498C068072801D0FFE7ED
:105C0000FFE70498C168006940EA41700390049876
:105C1000C068072804D1FFE704988069029006E075
:105C200004988168406940EA81700290FFE7059816
:105C3000006F0499496800EBC10001900398019935
:105C40000860019804300190029801990860FFE70C
:105C500000208DF81B000AE00599D1F89C0040F067
:105C60000200C1F89C0001208DF81B00FFE79DF8A1
:105C70001B0007B07047000085B0DDF814C003902A
:105C8000029101920093039890F89800012812D194
:105C9000FFE702980001019940EA8100009940EA7B
:105CA00041000599084303990968C1F88000002064
:105CB0008DF813000AE00399D1F89C0040F004002D
:105CC000C1F89C0001208DF81300FFE79DF8130038
:105CD00005B070470000000081B0009001B070472F
:105CE00082B00190009102B07047000000000000F7
:105CF0008AB00890079106920593002001900898B9
:105D000090F898008DF803009DF80300022840F0F9
:105D10005C81FFE70798402851D1FFE708980068A9
:105D2000D0F8A00010F4FE0F0BD1FFE70899D1F8CE
:105D30009C0040F02000C1F89C0001208DF8270055
:105D40004EE108980068D0F8A400400658B9FFE773
:105D50000899D1F89C0040F48070C1F89C000120A3
:105D60008DF827003CE108980068D0F8A40000F006
:105D700080710120B0EB116F0DD1FFE7089800682A
:105D8000D0F8A0100120B0EBD17F03D1FFE70120B4
:105D90000190FFE7FFE708980068D0F8A40000F43E
:105DA0007C51019800EB112001900898426C406FE3
:105DB0000199514300EB81000490FFE770E00798E0
:105DC000412851D1FFE708980068D0F8B00010F4DE
:105DD000FE0F0BD1FFE70899D1F89C0040F020009E
:105DE000C1F89C0001208DF82700F9E008980068B0
:105DF000D0F8B400400658B9FFE70899D1F89C00E4
:105E000040F48070C1F89C0001208DF82700E7E085
:105E100008980068D0F8B40000F080710120B0EB61
:105E2000116F0DD1FFE708980068D0F8B01001207D
:105E3000B0EBD17F03D1FFE701200190FFE7FFE73F
:105E400008980068D0F8B40000F47C51019800EB89
:105E5000112001900898C26C806F0199514300EBAA
:105E600081000490FFE71AE007980899096D8842BD
:105E70000BD3FFE70899D1F89C0040F02000C1F84F
:105E80009C0001208DF82700AAE00898426DC06FA1
:105E90000799514300EB81000490FFE7FFE7FFE71C
:105EA0000498006800F080400699486006984068B1
:105EB00038B9FFE704980068C0F38A400699086083
:105EC00006E00498006820F0604006990860FFE74B
:105ED0000498006800F000500699886004980068F3
:105EE00000F000400699086104980430049004987A
:105EF00000880699C86104980068C0F303400699B9
:105F0000C8600498006800F48010069948610498FD
:105F1000006800F400100699886104980068C0F3D6
:105F200006600699086204980068C00F06994862E6
:105F30000498043004900498039000200290FFE736
:105F400002980699CA6843F61401C0F60101895CFB
:105F500088420AD2FFE70398029A805C0599885428
:105F6000FFE7029801300290EAE70798402806D13F
:105F7000FFE7019808990968C1F8A80021E007988F
:105F8000412806D1FFE7019808990968C1F8B800CF
:105F900016E007981F2808D8FFE7079901208840D6
:105FA00008990968C1F8980009E0079800F01F01F6
:105FB0000120884008990968C1F89C00FFE7FFE7C5
:105FC000FFE700208DF827000AE00899D1F89C002F
:105FD00040F00800C1F89C0001208DF82700FFE781
:105FE0009DF827000AB0704781B0009001B070475B
:105FF00080B594B013904AF61000C4F20000006817
:10600000800712904AF61400C4F20000016812984A
:1060100000EA8170129013980068006D00F47040DF
:10602000119013980068416D1198084011901398D1
:106030000068006D00F00F00109013980068416D2B
:1060400010980840109013980068006D00F0F00060
:106050000F9013980068416D0F9808400F901398A7
:106060000068006D00F071500E9013980068416D4B
:106070000E9808400E9013980068006D00F0607054
:106080000D9013980068416D0D9808400D9013987D
:106090000068406D039013980068006D01909DF8B2
:1060A0000D00C007B8B1FFE79DF80500C00788B133
:1060B000FFE7FFE7139801684FF4807008654AF620
:1060C0001001C4F2000100200860FFE71398FFF7F9
:1060D0008BFFFFE7FFE79DF80D0000F004010020B3
:1060E000B0EB910F28D0FFE79DF8050000F0040108
:1060F0000020B0EB910F1ED0FFE713980068D0F896
:10610000DC000B9013980068D0F8E4100B9808405E
:106110000B90FFE7139801684FF4806008654AF61A
:106120001001C4F2000100200860FFE713980B99EA
:1061300000F0AEFEFFE7FFE71298B8B1FFE7FFE718
:1061400012984FF6FF71C3F6CF7108401399096892
:1061500008651298800F4AF61001C4F20001086029
:10616000FFE713981299FFF7F3FCFFE71198B8B116
:10617000FFE7FFE711984FF6FF71C3F6CF710840B4
:106180001399096808651198800F4AF61001C4F246
:1061900000010860FFE71398119900F089FEFFE7FE
:1061A0001098B8B1FFE7FFE710984FF6FF71C3F6FC
:1061B000CF7108401399096808651098800F4AF656
:1061C0001001C4F200010860FFE71398109900F075
:1061D0002FFDFFE70F98B8B1FFE7FFE70F984FF6E5
:1061E000FF71C3F6CF7108401399096808650F98CD
:1061F000800F4AF61001C4F200010860FFE713980F
:106200000F9900F085FDFFE79DF80D0000F00801F3
:106210000020B0EBD10F1BD0FFE79DF8050000F088
:1062200008010020B0EBD10F11D0FFE7FFE7139872
:1062300001684FF4006008654AF61001C4F20001DD
:1062400000200860FFE7139800F03AFEFFE7FFE741
:106250009DF80D0000F002010020B0EB510F28D096
:10626000FFE79DF8050000F002010020B0EB510FA0
:106270001ED0FFE713980068D0F8D8000C90139850
:106280000068D0F8E0100C9808400C90FFE71398D5
:1062900001684FF4007008654AF61001C4F200016D
:1062A00000200860FFE713980C9900F0F9FDFFE764
:1062B000FFE79DF80E0000F008010020B0EBD10FC1
:1062C0001BD0FFE79DF8060000F008010020B0EBAE
:1062D000D10F11D0FFE7FFE7139801684FF40020BA
:1062E00008654AF61001C4F2000100200860FFE7CB
:1062F000139800F099FCFFE7FFE79DF80E00C00738
:10630000B8B1FFE79DF80600C00788B1FFE7FFE7D7
:10631000139801684FF4803008654AF61001C4F202
:10632000000100200860FFE7139800F0ADFDFFE7D3
:10633000FFE79DF80E0000F004010020B0EB910F84
:106340001BD0FFE79DF8060000F004010020B0EB31
:10635000910F11D0FFE7FFE7139801684FF48020F9
:1063600008654AF61001C4F2000100200860FFE74A
:10637000139800F085FDFFE7FFE79DF80E0000F0A1
:1063800002010020B0EB510F1FD0FFE79DF806007F
:1063900000F002010020B0EB510F15D0FFE7FFE73E
:1063A000139801684FF4003008654AF61001C4F2F2
:1063B000000100200860FFE71399D1F89C0040F02D
:1063C0008000C1F89C00FFE7FFE70D98B8B1FFE738
:1063D000FFE70D984FF6FF71C3F6CF710840139990
:1063E000096808650D98800F4AF61001C4F2000193
:1063F0000860FFE713980D99FFF772FCFFE70E980E
:10640000D0B1FFE7FFE70E984FF6FF71C3F6CF71EB
:1064100008401399096808650E98800F4AF6100124
:10642000C4F200010860FFE70E9A1399D1F89C00AE
:106430001043C1F89C00FFE7139800684AF200017E
:10644000C4F20001884240F0B980FFE71398406829
:1064500080688007002800F0B080FFE7139840684C
:10646000006A00F00F000A9013984068416A0A9889
:1064700008400A9013984068006A00F030000990C4
:1064800013984068416A0998084009901398406839
:10649000006A00F4C070089013984068416A089838
:1064A0000840089013984068006A00F4FC40079088
:1064B00013984068416A079808400790139840680D
:1064C000006A00F4F020069013984068416A06982C
:1064D0000840069013984068406A029013984068FC
:1064E000006A00900A9848B1FFE70A981399496832
:1064F000086213980A9900F0ABFCFFE7099848B1CD
:10650000FFE709981399496808621398099900F000
:10651000AFFCFFE79DF8080000F040010020B0EB61
:10652000911F1FD0FFE79DF8000000F04001002000
:10653000B0EB911F15D0FFE713984068C06B000CBB
:10654000059013984068C06B00F03F0004901398CA
:1065500041684020086213980599049A00F080FC75
:10656000FFE7FFE7089848B1FFE7089813994968E3
:1065700008621398089900F063FCFFE7079860B180
:10658000FFE70798139949680862079A1399D1F8A9
:106590009C001043C1F89C00FFE7069860B1FFE73C
:1065A0000698139949680862069A1399D1F89C00D5
:1065B0001043C1F89C00FFE7FFE7FFE71398D0F80E
:1065C0009C0020B1FFE71398FFF786FBFFE714B0AC
:1065D00080BD00000000000080B598B0169043F226
:1065E000B871C0F6010101A84C22FAF749F81698D3
:1065F00020B9FFE701208DF85F00D9E11698006807
:106600004AF20001C4F20001884206D1FFE7169960
:10661000086800F580704860FFE716988068B0F55C
:10662000407F01D1FFE7FFE71698006C08B1FFE754
:10663000FFE71698806C08B1FFE7FFE71698006D3A
:1066400008B1FFE7FFE71698006E08B1FFE7FFE724
:106650001699C86D096E084408B1FFE7FFE7169860
:1066600090F8980040B9FFE71699002081F899004A
:10667000169800F0A1F9FFE716980168886920F0E4
:106680001000886100F030FE1590FFE71698006852
:1066900080690007002817D5FFE700F025FE15994F
:1066A000401A0B280FD3FFE71699D1F89C0040F051
:1066B0000100C1F89C001699032081F89800012080
:1066C0008DF85F0074E1E1E716980168886940F091
:1066D0000100886100F008FE1590FFE71698006839
:1066E0008069C007B8B9FFE700F0FEFD1599401AB0
:1066F0000B280FD3FFE71699D1F89C0040F001005A
:10670000C1F89C001699032081F8980001208DF8AB
:106710005F004DE1E2E716980168886940F00200E9
:1067200088611698007C012807D1FFE71698016858
:10673000886920F04000886106E016980168886941
:1067400040F040008861FFE71698407C012807D19F
:10675000FFE716980168886940F48040886106E088
:1067600016980168886920F480408861FFE71698D0
:10677000807C012807D1FFE716980168886920F41A
:106780008050886106E016980168886940F480505E
:106790008861FFE716980068806920F44070169AB7
:1067A000116892681043886116980168886920F022
:1067B000A400886116980168086920F0100008613B
:1067C0001698C068012807D1FFE716980168886904
:1067D00040F0040088612BE01698C06830B3FFE7F2
:1067E0001698C068022819D0FFE7169801688869D2
:1067F00040F08000886116980168086940F0100038
:1068000008611698C068032807D1FFE71698016849
:10681000886940F020008861FFE706E0169801686B
:10682000886940F020008861FFE700E0FFE7FFE7AC
:10683000169A116853699069D2F81CE0A0F1010C16
:106840006FF0FF0000EB0E2040EA4C60126A013A44
:1068500010430022CFF6FF7202EB03421043C861DF
:1068600016988068B0F5407F1CD1FFE7169A116832
:10687000536A906AD2F82CE001386FF0FF0C0CEBF1
:106880000E2C40EA0C00D2F830C06FF00F0202EB81
:106890000C1210430022CFF6FF7202EB03421043AA
:1068A000C860FFE71698006E48B1FFE716980168C8
:1068B000426ED1F8C0001043C1F8C000FFE716993E
:1068C000C86D096E084480B1FFE716980068D0F8DB
:1068D000C80020F00700169A1168936E01AA52F8BA
:1068E00023201043C1F8C800FFE71698006C80B160
:1068F000FFE716980068D0F8BC0020F00700169A51
:106900001168536C01AA52F823201043C1F8BC004F
:10691000FFE71698806C88B1FFE716980068D0F8FA
:10692000BC0020F07000169A1168D36C01AA52F8CE
:10693000232040EA0210C1F8BC00FFE71698006D62
:1069400088B1FFE716980068D0F8BC0020F4E0603A
:10695000169A1168536D01AA52F8232040EA0220CA
:10696000C1F8BC00FFE7169800684AF20001C4F2C3
:106970000001884207D1FFE716984168886820F037
:1069800003008860FFE716990020C1F8940016996B
:10699000C1F89C001699012081F898001698FBF721
:1069A00007FD8DF853009DF853008DF85F00FFE759
:1069B0009DF85F0018B080BD80B5C2B04190002046
:1069C00040903F903E903D903C900EA8B821F9F742
:1069D00089FE419800684AF20001C4F20001884231
:1069E0005ED1FFE700200F904FF400400E904FF073
:1069F000805029900EA801F053F818B1FFE7FBF77B
:106A0000AFFCFFE740F29410C2F200400168013190
:106A100001600068012810D1FFE7FFE744F2EC4075
:106A2000C5F60200016841F480710160006800F45D
:106A300080700D900D98FFE7FFE7FFE744F2E0401C
:106A4000C5F60200016841F008010160006800F02D
:106A500008000C900C98FFE703203C9002203D902A
:106A6000002006903E903F900920409040F6004064
:106A7000C5F602003CA900F04BFA069A13200590D7
:106A8000114600F0EDFC059800F0DEFC069A15209A
:106A90000790114600F0E4FC079800F0D5FCBEE03A
:106AA000419800684AF20041C4F20001884255D181
:106AB000FFE700200F904FF400400E904FF0805001
:106AC00029900EA800F0ECFF18B1FFE7FBF748FC97
:106AD000FFE740F29410C2F200400168013101600A
:106AE0000068012810D1FFE7FFE744F2EC40C5F64B
:106AF0000200016841F480710160006800F4807058
:106B00000B900B98FFE7FFE7FFE744F2E040C5F684
:106B10000200016841F002010160006800F002001B
:106B20000A900A98FFE760203C9002203D900020E8
:106B300003903E903F900920409040F20040C5F6FF
:106B400002003CA900F0E4F9039A142004901146D5
:106B500000F086FC049800F077FC5FE04198006844
:106B60004DF20041C4F20001884256D1FFE70020F7
:106B70000F904FF400400E904FF0805029900EA8D7
:106B800000F08EFF18B1FFE7FBF7EAFBFFE740F2EA
:106B90009410C2F2004001680131016000680128D0
:106BA00010D1FFE7FFE744F2EC40C5F602000168B0
:106BB00041F480710160006800F4807009900998C8
:106BC000FFE7FFE7FFE744F2E040C5F60200016897
:106BD00041F008010160006800F008000890089882
:106BE000FFE74FF440503C9002203D900020019080
:106BF0003E903F900520409040F60040C5F60200D0
:106C00003CA900F085F9019A9F200290114600F0FE
:106C100027FC029800F018FCFFE7FFE7FFE742B00F
:106C200080BD00000000000081B0009001B07047FE
:106C300080B586B005900491059800684AF200017D
:106C4000C4F20001884219D1FFE7059840F29C0187
:106C5000C2F2004103910A1D01F12C034021FFF70C
:106C600047F80398406B40B1FFE740F29C00C2F246
:106C70000040416B04308847FFE745E00598006815
:106C80004AF20041C4F20001884219D1FFE7059899
:106C900040F2FC01C2F2004102910A1D01F12C03F5
:106CA0004021FFF725F80298406B40B1FFE740F222
:106CB000FC00C2F20040416B04308847FFE722E04D
:106CC000059800684DF20041C4F20001884219D1D4
:106CD000FFE7059840F25C11C2F2004101910A1DE4
:106CE00001F12C034021FFF703F80198406B40B1FC
:106CF000FFE740F25C10C2F20040416B043088476D
:106D0000FFE7FFE7FFE7FFE706B080BD00000000F8
:106D100080B586B005900491059800684AF200019C
:106D2000C4F20001884219D1FFE7059840F29C01A6
:106D3000C2F2004103910A1D01F12C034121FEF72B
:106D4000D7FF0398406B40B1FFE740F29C00C2F2CE
:106D50000040416B04308847FFE745E00598006834
:106D60004AF20041C4F20001884219D1FFE70598B8
:106D700040F2FC01C2F2004102910A1D01F12C0314
:106D80004121FEF7B5FF0298406B40B1FFE740F2AA
:106D9000FC00C2F20040416B04308847FFE722E06C
:106DA000059800684DF20041C4F20001884219D1F3
:106DB000FFE7059840F25C11C2F2004101910A1D03
:106DC00001F12C034121FEF793FF0198406B40B184
:106DD000FFE740F25C10C2F20040416B043088478C
:106DE000FFE7FFE7FFE7FFE706B080BD0000000018
:106DF00082B00090009890F89800012811D1FFE728
:106E00000099022081F8980000980168886920F0B4
:106E10000100886100990020C1F89C008DF80700EE
:106E20000AE00099D1F89C0040F00400C1F89C00F1
:106E300001208DF80700FFE79DF8070002B07047BA
:106E400082B00190009102B0704700000000000085
:106E500082B00190009102B0704700000000000075
:106E600083B002900191009203B0704700000000CF
:106E700082B00190009102B0704700000000000055
:106E800081B0009001B0704781B0009001B07047B0
:106E900082B00190009102B0704700000000000035
:106EA00082B00190009102B0704700000000000025
:106EB00082B00190009102B0704700000000000015
:106EC00081B0009001B0704781B0ADF8020001B010
:106ED000704700000000000080B582B0ADF80600E9
:106EE0008820C5F600000068BDF8061008420BD0E7
:106EF000FFE7BDF806008821C5F600010860BDF86F
:106F00000600FFF7E1FFFFE702B080BD00000000D0
:106F10008FB00E900D9100200C908020C5F60000DF
:106F20000990FFE70D9800680C99C840002800F010
:106F3000C181FFE70D9800680C9A0121914008403B
:106F40000B900B98002800F0B181FFE70D98406886
:106F500000F00300012807D0FFE70D98406800F01B
:106F6000030002282FD1FFE70E9880680A900C9842
:106F70004100032000FA01F10A9888430A900D9815
:106F8000C0680C99490000FA01F10A9808430A9078
:106F90000A980E9988600E9840680A900C99012012
:106FA00000FA01F10A9888430A900D984068C0F3EE
:106FB00000100C9900FA01F10A9808430A900A9807
:106FC0000E994860FFE70D98406800F00300032821
:106FD00018D0FFE70E98C0680A900C984100032073
:106FE00000FA01F10A9888430A900D9880680C997C
:106FF000490000FA01F10A9808430A900A980E998C
:10700000C860FFE70D98406800F00300022826D111
:10701000FFE70E980C996FF0030202EA5101084451
:10702000006A0A900C9800F0070081000F2000FA17
:1070300001F10A9888430A900D9800690C9901F0B3
:107040000701890000FA01F10A9808430A900A989A
:107050000E990C9B02EA530211440862FFE70E9856
:1070600000680A900C984100032000FA01F10A9888
:1070700088430A900D98406800F003000C9949007D
:1070800000FA01F10A9808430A900A980E990860DC
:107090000D9880798007002800F00781FFE7FFE75F
:1070A00044F2F440C5F60200016841F002010160BB
:1070B000006800F0020008900898FFE70C9820F0A4
:1070C000030040F20841C5F6000140580A900C98B0
:1070D00000F0030081000F2000FA01F10A988843B4
:1070E0000A900E980021C5F60201884203D1FFE7FD
:1070F000002007906CE00E9840F20041C5F60201B6
:10710000884203D1FFE7012006905EE00E9840F62A
:107110000001C5F60201884203D1FFE70220059075
:1071200050E00E9840F60041C5F60201884203D1B6
:10713000FFE70320049042E00E9841F20001C5F6FB
:107140000201884203D1FFE70420039034E00E9847
:1071500041F20041C5F60201884203D1FFE7052054
:10716000029026E00E9841F60001C5F60201884221
:1071700003D1FFE70620019018E00E9841F6004188
:10718000C5F60201884203D1FFE7072000900AE01C
:107190000E9942F20042C5F602020A20914208BF4F
:1071A00009200090FFE700980190FFE70198029006
:1071B000FFE702980390FFE703980490FFE7049825
:1071C0000590FFE705980690FFE706980790FFE710
:1071D00007980C9901F00301890000FA01F10A985F
:1071E00008430A900A980C9921F0030140F20842E2
:1071F000C5F6000288504FF0B04000680A900B9925
:107200000A9888430A900D988079C006002805D511
:10721000FFE70B990A9808430A90FFE70A984FF096
:10722000B04108600420C5F6000000680A900B9980
:107230000A9888430A900D9880798006002805D521
:10724000FFE70B990A9808430A90FFE70A98042180
:10725000C5F600010860099840680A900B990A98E1
:1072600088430A900D9880798007002805D5FFE7AC
:107270000B990A9808430A90FFE70A980999486011
:10728000099800680A900B990A9888430A900D980B
:107290008079C00728B1FFE70B990A9808430A9044
:1072A000FFE70A9809990860FFE7FFE70C980130AB
:1072B0000C9037E60FB0704782B00190ADF8021025
:1072C0008DF801209DF8010028B1FFE7BDF802000C
:1072D0000199886105E0BDF8020000040199886108
:1072E000FFE702B07047000042F28C30C2F200406B
:1072F000006870470000000040F20800C2F2004041
:10730000027842F28C31C2F20041086810440860F1
:10731000704700000000000080B582B0032000F03C
:10732000B7F801F055FE44F21842C5F602021168A2
:10733000C1F3032343F60401C0F60101CB5C03F063
:107340001F03D84000900098126802F00F02895C79
:1073500001F01F01C84040F20401C2F20041086080
:10736000009840F20001C2F2004108600F2000F0D6
:1073700013F820B1FFE701208DF8070005E000F0C9
:107380004FF800208DF80700FFE79DF8070002B0D6
:1073900080BD00000000000080B582B0009040F287
:1073A0000800C2F20040007820B9FFE701208DF804
:1073B000070030E040F20000C2F20040006840F2F6
:1073C0000801C2F200410A784FF47A71B1FBF2F180
:1073D000B0FBF1F002F08CFC20B1FFE701208DF84A
:1073E000070018E000980F280DD8FFE700994FF02C
:1073F000FF30002200F034F8009840F20C01C2F295
:107400000041086003E001208DF8070003E0002040
:107410008DF80700FFE79DF8070002B080BD00006F
:1074200081B0FFE744F2F440C5F60200016841F084
:1074300002010160006800F0020000900098FFE780
:1074400001B070470000000080B582B0ADF80600C2
:10745000BDF906000BF05CFC02B080BD000000002E
:1074600080B586B0ADF81600049103920BF068FC6D
:107470000290BDF91600019002980499039A05F054
:107480008BFA014601980BF063FC06B080BD00004A
:1074900080B582B0019001980BF07EFC02B080BDF7
:1074A00080B584B0029044F60C00C5F60200006876
:1074B00000F004010020B0EB910F13D1FFE744F678
:1074C0000C00C5F60200006800F00700029988422F
:1074D00004D0FFE701208DF80F002EE000208DF88A
:1074E0000F002AE044F60C01C5F60201086820F0FE
:1074F0000700029A10430860FFF7F6FE0190FFE7CD
:1075000044F60400C5F60200006800F400510020B3
:10751000B0EB513F0DD1FFE7FFF7E6FE0199401AAE
:10752000B0F57A7F04D9FFE701208DF80F0004E061
:10753000E6E700208DF80F00FFE79DF80F0004B08C
:1075400080BD00000000000080B501F0EDFC44F2B9
:107550002041C5F602010968C1F3021243F6040195
:10756000C0F60101895C01F01F01C84080BD000028
:1075700088B0079044F22840C5F60200016801F087
:10758000030106910068C0F30530059044F22C40D9
:10759000C5F602000068C0F300100490049844F29D
:1075A0003C41C5F60201096889B2C908484300EEAA
:1075B000100AB8EE400A8DED020A0598002800F086
:1075C0001181FFE70698009048B1FFE70098012875
:1075D00065D0FFE70098022800F08380A3E044F222
:1075E0000040C5F60200006800F020010020B0EB6A
:1075F000511F31D0FFE744F20040C5F60200006899
:10760000C0F3C10149F20000C0F2D030C84003907D
:107610009DED030AB8EE400A9DED051AB8EE411A39
:1076200080EE010A44F23840C5F6020000686FF3AC
:107630005F2001EE100AB8EE411A9DED022A9FED7F
:107640006F3A02EE031AB7EE002A31EE021A20EE6C
:10765000010A8DED010A21E09DED050AB8EE401A00
:107660009FED680A80EE010A44F23840C5F6020038
:1076700000686FF35F2001EE100AB8EE411A9DED2D
:10768000022A9FED5E3A02EE031AB7EE002A31EEAF
:10769000021A20EE010A8DED010AFFE765E09DED7B
:1076A000050AB8EE401A9FED560A80EE010A44F230
:1076B0003840C5F6020000686FF35F2001EE100A43
:1076C000B8EE411A9DED022A9FED4C3A02EE031AE4
:1076D000B7EE002A31EE021A20EE010A8DED010A02
:1076E00043E09DED050AB8EE401A9FED430A80EE97
:1076F000010A44F23840C5F6020000686FF35F20CB
:1077000001EE100AB8EE411A9DED022A9FED3B3AB8
:1077100002EE031AB7EE002A31EE021A20EE010A39
:107720008DED010A21E09DED050AB8EE401A9FEDAE
:10773000340A80EE010A44F23840C5F602000068BF
:107740006FF35F2001EE100AB8EE411A9DED022A98
:107750009FED2A3A02EE031AB7EE002A31EE021A22
:1077600020EE010A8DED010AFFE79DED010A44F2CA
:107770003840C5F60200016889B2490A01EE101AC4
:10778000B8EE411AB7EE002A31EE021A80EE010A75
:107790000799BCEEC00A81ED000A9DED010A01685F
:1077A000C1F3064101EE101AB8EE411A31EE021A89
:1077B00080EE010A0799BCEEC00A81ED010A9DED39
:1077C000010A0068C0F3066001EE100AB8EE411A23
:1077D00031EE021A80EE010A0798BCEEC00A80ED75
:1077E000020A07E007990020086007994860079996
:1077F0008860FFE708B07047001BB74B00000039F6
:107800000024744A0024744C88B0079044F2284045
:10781000C5F60200016801F0030106910068C0F39B
:107820000550059044F22C40C5F602000068C0F3F4
:1078300000200490049844F24441C5F6020109680E
:1078400089B2C908484300EE100AB8EE400A8DED2F
:10785000020A0598002800F01181FFE706980090C1
:1078600048B1FFE70098012865D0FFE7009802289B
:1078700000F08380A3E044F20040C5F602000068F7
:1078800000F020010020B0EB511F31D0FFE744F29F
:107890000040C5F602000068C0F3C10149F20000D3
:1078A000C0F2D030C84003909DED030AB8EE400A04
:1078B0009DED051AB8EE411A80EE010A44F24040EF
:1078C000C5F6020000686FF35F2001EE100AB8EE03
:1078D000411A9DED022A9FED6F3A02EE031AB7EEB0
:1078E000002A31EE021A20EE010A8DED010A21E094
:1078F0009DED050AB8EE401A9FED680A80EE010A78
:1079000044F24040C5F6020000686FF35F2001EECC
:10791000100AB8EE411A9DED022A9FED5E3A02EE82
:10792000031AB7EE002A31EE021A20EE010A8DED9D
:10793000010AFFE765E09DED050AB8EE401A9FEDEC
:10794000560A80EE010A44F24040C5F60200006883
:107950006FF35F2001EE100AB8EE411A9DED022A86
:107960009FED4C3A02EE031AB7EE002A31EE021AEE
:1079700020EE010A8DED010A43E09DED050AB8EE07
:10798000401A9FED430A80EE010A44F24040C5F6DA
:10799000020000686FF35F2001EE100AB8EE411A92
:1079A0009DED022A9FED3B3A02EE031AB7EE002A44
:1079B00031EE021A20EE010A8DED010A21E09DED63
:1079C000050AB8EE401A9FED340A80EE010A44F22F
:1079D0004040C5F6020000686FF35F2001EE100A18
:1079E000B8EE411A9DED022A9FED2A3A02EE031AE3
:1079F000B7EE002A31EE021A20EE010A8DED010ADF
:107A0000FFE79DED010A44F24040C5F6020001681F
:107A100089B2490A01EE101AB8EE411AB7EE002AEF
:107A200031EE021A80EE010A0799BCEEC00A81ED20
:107A3000000A9DED010A0168C1F3064101EE101A2A
:107A4000B8EE411A31EE021A80EE010A0799BCEE37
:107A5000C00A81ED010A9DED010A0068C0F30660CD
:107A600001EE100AB8EE411A31EE021A80EE010A58
:107A70000798BCEEC00A80ED020A07E007990020D3
:107A800008600799486007998860FFE708B0704769
:107A9000001BB74B000000390024744A0024744CCA
:107AA00080B59AB0189000208DF857008DF85600D8
:107AB0001898C0780007002848D5FFE71898406E4E
:107AC000149078B1FFE71498B0F5801F13D0FFE74A
:107AD0001498B0F5001F16D0FFE71498B0F5401FBA
:107AE00019D019E044F22C41C5F60201086840F4AF
:107AF0000030086014E018980830022104F088FF74
:107B00008DF857000CE018982830022105F068F82D
:107B10008DF8570004E003E001208DF85700FFE7DF
:107B20009DF8570060B9FFE744F25041C5F60201E5
:107B3000086820F44010189A526E1043086004E060
:107B40009DF857008DF85600FFE7FFE7189840783A
:107B5000C007002840D0FFE71898806D13900428D4
:107B600020D81399DFE801F0030C141C1D0044F227
:107B70002C41C5F60201086840F40030086015E0A9
:107B800018980830002104F043FF8DF857000DE0ED
:107B900018982830002105F023F88DF8570005E0EB
:107BA00004E003E001208DF85700FFE79DF857003F
:107BB00060B9FFE744F25041C5F60201086820F0C1
:107BC0000700189A926D1043086004E09DF8570072
:107BD0008DF85600FFE7FFE7189840784007002827
:107BE00056D5FFE71898D0F8A4001290C8B1FFE767
:107BF0001298B0F5001F1DD0FFE71298B0F5800F66
:107C000020D0FFE71298B0F5C00F23D0FFE71298FD
:107C1000B0F5000F1FD0FFE71298B0F5200F1BD072
:107C20001BE044F22C41C5F60201086840F4003024
:107C3000086016E018980830002104F0E9FE8DF87D
:107C400057000EE018982830002104F0C9FF8DF885
:107C5000570006E005E004E003E001208DF857003E
:107C6000FFE79DF8570068B9FFE744F25841C5F6B1
:107C70000201086820F46000189AD2F8A42010438A
:107C8000086004E09DF857008DF85600FFE7FFE715
:107C9000189840780007002856D5FFE71898D0F8C4
:107CA000A8001190C8B1FFE71198B0F1807F1DD0F6
:107CB000FFE71198B0F1007F20D0FFE71198B0F1F5
:107CC000407F23D0FFE71198B0F1806F1FD0FFE70E
:107CD0001198B0F1A06F1BD01BE044F22C41C5F607
:107CE0000201086840F40030086016E01898083077
:107CF000002104F08DFE8DF857000EE01898283012
:107D0000002104F06DFF8DF8570006E005E004E067
:107D100003E001208DF85700FFE79DF8570068B990
:107D2000FFE744F25841C5F60201086820F0E06020
:107D3000189AD2F8A8201043086004E09DF8570074
:107D40008DF85600FFE7FFE71898C07880070028F5
:107D50003ED5FFE71898C06C1090F0B1FFE710987F
:107D6000102808D0FFE7109820280DD0FFE71098C2
:107D7000302811D012E044F22C41C5F60201086807
:107D800040F4003008600DE018980830022104F03B
:107D90003FFE8DF8570005E004E003E001208DF878
:107DA0005700FFE79DF8570060B9FFE744F24C41E8
:107DB000C5F60201086820F03000189AD26C104312
:107DC000086004E09DF857008DF85600FFE7FFE7D4
:107DD00018984078C00600284ED5FFE71898C06D67
:107DE0000F90A0B1FFE70F98B0F5805F18D0FFE7C4
:107DF0000F98B0F5005F1BD0FFE70F98B0F5405F1C
:107E00001ED0FFE70F98B0F5804F1AD01AE044F269
:107E10002C41C5F60201086840F40030086015E006
:107E200018980830002104F0F3FD8DF857000DE09C
:107E300018982830002104F0D3FE8DF8570005E093
:107E400004E003E001208DF85700FFE79DF857009C
:107E500060B9FFE744F25041C5F60201086820F41A
:107E6000E040189AD26D1043086004E09DF8570076
:107E70008DF85600FFE7FFE7189840788006002845
:107E80004CD5FFE71898006E0E90C8B1FFE70E982A
:107E9000B0F5803F15D0FFE70E98B0F5003F18D041
:107EA000FFE70E98B0F5403F1BD0FFE70E98B0F506
:107EB000802F17D0FFE70E98B0F5A02F13D013E056
:107EC00016E018980830012104F0A2FD8DF8570043
:107ED0000EE018982830012104F082FE8DF857003A
:107EE00006E005E004E003E001208DF85700FFE71D
:107EF0009DF8570060B9FFE744F25041C5F6020112
:107F0000086820F4E020189A126E1043086004E01C
:107F10009DF857008DF85600FFE7FFE71898407866
:107F2000400600284ED5FFE71898D0F8AC000D9019
:107F3000C8B1FFE70D98B0F1805F15D0FFE70D984D
:107F4000B0F1005F18D0FFE70D98B0F1405F1BD093
:107F5000FFE70D98B0F1804F17D0FFE70D98B0F113
:107F6000A04F13D013E016E018980830012104F058
:107F70004FFD8DF857000EE018982830012104F0CD
:107F80002FFE8DF8570006E005E004E003E0012035
:107F90008DF85700FFE79DF8570068B9FFE744F2F6
:107FA0005841C5F60201086820F0E040189AD2F85E
:107FB000AC201043086004E09DF857008DF856008F
:107FC000FFE7FFE718984078000600283BD5FFE759
:107FD0001898C06E0C90D8B1FFE70C98B0F1805F94
:107FE00005D0FFE70C98B0F1005F09D011E044F232
:107FF0002C41C5F60201086840F4003008600CE02E
:1080000018980830012104F003FD8DF8570004E0B2
:1080100003E001208DF85700FFE79DF8570060B995
:10802000FFE744F25041C5F60201086820F04050D5
:10803000189AD26E1043086004E09DF857008DF83E
:108040005600FFE7FFE71898C078C007002837D030
:10805000FFE71898806C0B90032817D80B99DFE87E
:1080600001F014020B1344F22C41C5F6020108681A
:1080700040F4003008600DE018980830022104F048
:10808000C7FC8DF8570005E004E003E001208DF8FF
:108090005700FFE79DF8570060B9FFE744F24C41F5
:1080A000C5F60201086820F00300189A926C10438C
:1080B000086004E09DF857008DF85600FFE7FFE7E1
:1080C000189880784006002840F1B480FFE744F615
:1080D0000001C5F60201086840F480700860FFF7EF
:1080E00003F91690FFE744F60000C5F602000068A9
:1080F000C00500280CD4FFE7FFF7F6F81699401AE0
:10810000652804D3FFE703208DF8570000E0EAE775
:108110009DF85700002840F08780FFE744F2704048
:10812000C5F60200006800F440701899D1F8B0104C
:1081300001F44071884213D0FFE744F27041C5F664
:108140000201086820F440701790086840F48030FD
:108150000860086820F48030086017980860FFE71E
:108160001898D0F8B000B0F5807F1FD1FFE7FFF777
:10817000BBF81690FFE744F27040C5F602000068B5
:1081800000F002010020B0EB510F0ED1FFE7FFF726
:10819000ABF81699401A41F28931884204D3FFE7BF
:1081A00003208DF8570000E0E5E7FFE79DF8570052
:1081B000A0BBFFE7FFE71898D0F8B00000F44070CC
:1081C000B0F5407F13D1FFE744F21041C5F602013C
:1081D000086820F47C50189AD2F8B0204FF6F0438B
:1081E000C0F6FF731A4040EA1210086008E044F23B
:1081F0001041C5F60201086820F47C500860FFE7D2
:108200001898D0F8B0206FF31F3244F27041C5F6D1
:108210000201086810430860FFE704E09DF857007A
:108220008DF85600FFE704E09DF857008DF85600E2
:10823000FFE7FFE718980068C007002800F04C80AF
:10824000FFE71898806F0A9028282BD80A99DFE852
:1082500001F0152929292929292916292929292916
:1082600029291E292929292929292629292929298C
:1082700029292729292929292929280016E0189898
:108280000830012104F0C4FB8DF857000EE0189867
:108290002830012104F0A4FC8DF8570006E005E029
:1082A00004E003E001208DF85700FFE79DF8570038
:1082B00060B9FFE744F25441C5F60201086820F0B6
:1082C0003800189A926F1043086004E09DF8570038
:1082D0008DF85600FFE7FFE7189800788007002820
:1082E00039D5FFE71898406F0990052819D80999E2
:1082F000DFE801F003040C14151616E01898083096
:10830000012104F085FB8DF857000EE01898283005
:10831000012104F065FC8DF8570006E005E004E05B
:1083200003E001208DF85700FFE79DF8570060B982
:10833000FFE744F25441C5F60201086820F0070047
:10834000189A526F1043086004E09DF857008DF8AA
:108350005600FFE7FFE718980078400700283BD554
:10836000FFE71898D0F890000890052819D80899C8
:10837000DFE801F003040C14151616E01898083015
:10838000012104F045FB8DF857000EE018982830C5
:10839000012104F025FC8DF8570006E005E004E01B
:1083A00003E001208DF85700FFE79DF8570068B9FA
:1083B000FFE744F25841C5F60201086820F00700C3
:1083C000189AD2F890201043086004E09DF85700F6
:1083D0008DF85600FFE7FFE7189800788006002820
:1083E0004ED5FFE71898D0F88C000790C8B1FFE78A
:1083F0000798B0F1805F15D0FFE70798B0F1005FF4
:1084000018D0FFE70798B0F1405F1BD0FFE707984F
:10841000B0F1804F17D0FFE70798B0F1A04F13D00D
:1084200013E016E018980830002104F0F1FA8DF8F6
:1084300057000EE018982830022104F0D1FB8DF887
:10844000570006E005E004E003E001208DF8570046
:10845000FFE79DF8570068B9FFE744F25441C5F6BD
:108460000201086820F0E040189AD2F88C201043EE
:10847000086004E09DF857008DF85600FFE7FFE71D
:1084800018980078400600284ED5FFE71898D0F8D5
:1084900098000690C8B1FFE70698B0F5806F15D038
:1084A000FFE70698B0F5006F18D0FFE70698B0F523
:1084B000406F1BD0FFE70698B0F5805F17D0FFE74D
:1084C0000698B0F5A05F13D013E016E018980830B6
:1084D000002104F09DFA8DF857000EE0189828301E
:1084E000022104F07DFB8DF8570006E005E004E072
:1084F00003E001208DF85700FFE79DF8570068B9A9
:10850000FFE744F25841C5F60201086820F4E05044
:10851000189AD2F898201043086004E09DF857009C
:108520008DF85600FFE7FFE718980078000600284E
:108530004ED5FFE71898D0F89C000590C8B1FFE72A
:108540000598B0F5005F15D0FFE70598B0F5804FAE
:1085500018D0FFE70598B0F5C04F1BD0FFE705988E
:10856000B0F5004F17D0FFE70598B0F5204F13D0B6
:1085700013E016E018980830002104F049FA8DF84D
:1085800057000EE018982830022104F029FB8DF8DE
:10859000570006E005E004E003E001208DF85700F5
:1085A000FFE79DF8570068B9FFE744F25841C5F668
:1085B0000201086820F46040189AD2F89C20104309
:1085C000086004E09DF857008DF85600FFE7FFE7CC
:1085D000189800780007002820D5FFE71898D0F8F1
:1085E0008000B0F5805F0CD1FFE718982830022199
:1085F00004F0F6FA20B1FFE701208DF85600FFE7FE
:10860000FFE744F25441C5F60201086820F44050E7
:10861000189AD2F8802010430860FFE71898007875
:10862000C006002820D5FFE71898D0F89400B0F5D0
:10863000807F0CD1FFE718982830022104F0D0FA8F
:1086400020B1FFE701208DF85600FFE7FFE744F275
:108650005841C5F60201086820F44070189AD2F813
:10866000942010430860FFE71898807800070028DE
:108670003CD5FFE71898D0F8A000049050B1FFE770
:108680000498B0F5803F0DD0FFE70498B0F5003FA7
:1086900010D010E018980830002104F0B9F98DF8D6
:1086A00057000CE018982830022104F099FA8DF850
:1086B000570004E003E001208DF85700FFE79DF824
:1086C000570068B9FFE744F25841C5F6020108684F
:1086D00020F44030189AD2F8A0201043086004E03B
:1086E0009DF857008DF85600FFE7FFE7189880784F
:1086F000400700283FD5FFE71898D0F88400039082
:10870000B0F5801F0AD0FFE70398B0F5001F0ED028
:10871000FFE70398B0F5401F11D011E044F22C415F
:10872000C5F60201086840F4003008600CE01898B3
:108730002830012104F054FA8DF8570004E003E0DA
:1087400001208DF85700FFE79DF8570068B9FFE753
:1087500044F25441C5F60201086820F44010189A0A
:10876000D2F884201043086004E09DF857008DF88B
:108770005600FFE7FFE718988078C007A8B3FFE727
:108780001898006D029028B1FFE70298B0F5803F7D
:1087900009D010E044F22C41C5F60201086840F40B
:1087A000003008600BE018980830022104F030F91E
:1087B0008DF8570003E001208DF85700FFE79DF882
:1087C000570060B9FFE744F24C41C5F60201086862
:1087D00020F48030189A126D1043086004E09DF870
:1087E00057008DF85600FFE7FFE71898C07880061D
:1087F00000280CD5FFE718982830022104F0F0F982
:1088000020B1FFE701208DF85600FFE7FFE7189839
:108810008078800700283AD5FFE71898C06F01904C
:10882000D0B1FFE70198B0F5807F0AD0FFE701984B
:10883000B0F5007F0ED0FFE70198B0F5407F0AD079
:108840000BE044F22C41C5F60201086840F4003008
:10885000086006E005E004E003E001208DF8570021
:10886000FFE79DF8570060B9FFE744F25441C5F6B1
:108870000201086820F44070189AD26F1043086013
:1088800004E09DF857008DF85600FFE7FFE71898C1
:108890008078C00600280CD5FFE744F25041C5F6A9
:1088A0000201086820F00040189A126F1043086017
:1088B000FFE718988078800600280CD5FFE744F27F
:1088C0005041C5F60201086820F08070189A926E37
:1088D00010430860FFE71898C0784006002811D5BB
:1088E000FFE7FFE744F21041C5F60201086820F4F3
:1088F000004008601898D0F8B42008681043086059
:10890000FFE7FFE71898C078000600280CD5FFE7BE
:1089100044F24C41C5F60201086820F04050189A14
:10892000526D10430860FFE7189880780006002811
:108930000DD5FFE744F25441C5F60201086820F462
:108940004000189AD2F8882010430860FFE7189872
:108950000079C00790B1FFE718980830002104F0B3
:1089600057F88DF857009DF8570008B9FFE704E065
:108970009DF857008DF85600FFE7FFE7189800793B
:108980008007002812D5FFE718980830012104F06D
:108990003FF88DF857009DF8570008B9FFE704E04D
:1089A0009DF857008DF85600FFE7FFE7189800790B
:1089B0004007002812D5FFE718980830022104F07C
:1089C00027F88DF857009DF8570008B9FFE704E035
:1089D0009DF857008DF85600FFE7FFE718980079DB
:1089E0000007002812D5FFE718982830002104F06E
:1089F000F7F88DF857009DF8570008B9FFE704E035
:108A00009DF857008DF85600FFE7FFE718980079AA
:108A1000C006002812D5FFE718982830012104F07D
:108A2000DFF88DF857009DF8570008B9FFE704E01C
:108A30009DF857008DF85600FFE7FFE7189800797A
:108A40008006002812D5FFE718982830022104F08C
:108A5000C7F88DF857009DF8570008B9FFE704E004
:108A60009DF857008DF85600FFE7FFE79DF8560088
:108A700020B9FFE700208DF8670003E001208DF8A2
:108A80006700FFE79DF867001AB080BD0000000096
:108A900080B586B004900391049820B9FFE70120C7
:108AA0008DF817003CE2039842F20001C5F2002164
:108AB000096801F00F01884216D9FFE742F2000071
:108AC000C5F20020016821F00F01039A11430160F3
:108AD000006800F00F000399884204D0FFE70120EE
:108AE0008DF817001CE2FFE7049800784007002883
:108AF00019D5FFE70498006944F21841C5F6020150
:108B0000096801F0700188420CD9FFE744F218416E
:108B1000C5F60201086820F07000049A126910433B
:108B20000860FFE7FFE7049800780007002819D5E0
:108B3000FFE70498406944F21C41C5F60201096848
:108B400001F0700188420CD9FFE744F21C41C5F6E0
:108B50000201086820F07000049A5269104308600E
:108B6000FFE7FFE704980078C006002819D5FFE763
:108B70000498806944F21C41C5F60201096801F4B9
:108B8000E06188420CD9FFE744F21C41C5F60201BE
:108B9000086820F4E060049A926910430860FFE7D7
:108BA000FFE7049800788006002819D5FFE70498AD
:108BB000C06944F22041C5F60201096801F0700164
:108BC00088420CD9FFE744F22041C5F6020108684B
:108BD00020F07000049AD26910430860FFE7FFE7B5
:108BE000049800788007002819D5FFE70498C0682A
:108BF00044F21841C5F60201096801F00F018842EC
:108C00000CD9FFE744F21841C5F60201086820F0CC
:108C10000F00049AD26810430860FFE7FFE704984A
:108C20000078C007002800F08C80FFE744F218416C
:108C3000C5F60201086820F47060049A9268104337
:108C4000086004984068022811D1FFE744F2004010
:108C5000C5F60200006800F400310020B0EB514F6F
:108C600004D1FFE701208DF8170059E13EE0049898
:108C70004068032811D1FFE744F20040C5F6020026
:108C8000006800F000710020B0EB516F04D1FFE7E5
:108C900001208DF8170043E127E00498406801287F
:108CA00011D1FFE744F20040C5F60200006800F46D
:108CB00080710020B0EB112F04D1FFE701208DF867
:108CC00017002DE110E044F20040C5F602000068F4
:108CD00000F004010020B0EB910F04D1FFE7012068
:108CE0008DF817001CE1FFE7FFE7FFE744F21041B2
:108CF000C5F60201086820F00700049A5268104384
:108D00000860FEF7F1FA0190FFE744F21040C5F663
:108D10000200006800F0380004994968B0EBC10F08
:108D20000ED0FFE7FEF7E0FA0199401A41F28931CF
:108D3000884204D3FFE703208DF81700F0E0E4E752
:108D4000FFE7049800788007002819D5FFE704980A
:108D5000C06844F21841C5F60201096801F00F012C
:108D600088420CD2FFE744F21841C5F602010868B8
:108D700020F00F00049AD26810430860FFE7FFE775
:108D8000039842F20001C5F20021096801F00F01C9
:108D9000884216D2FFE742F20000C5F200200168C7
:108DA00021F00F01039A11430160006800F00F00E9
:108DB0000399884204D0FFE701208DF81700AFE047
:108DC000FFE7049800784007002819D5FFE70498CA
:108DD000006944F21841C5F60201096801F070010A
:108DE00088420CD2FFE744F21841C5F60201086838
:108DF00020F07000049A126910430860FFE7FFE753
:108E0000049800780007002819D5FFE70498406906
:108E100044F21C41C5F60201096801F07001884264
:108E20000CD2FFE744F21C41C5F60201086820F0AD
:108E30007000049A526910430860FFE7FFE7049846
:108E40000078C006002819D5FFE70498806944F22D
:108E50001C41C5F60201096801F4E06188420CD2A8
:108E6000FFE744F21C41C5F60201086820F4E06007
:108E7000049A926910430860FFE7FFE704980078BE
:108E80008006002819D5FFE70498C06944F2204104
:108E9000C5F60201096801F0700188420CD2FFE7B3
:108EA00044F22041C5F60201086820F07000049ADF
:108EB000D26910430860FFE7FFE700F089F844F249
:108EC0001842C5F602021168C1F3032343F60401F8
:108ED000C0F60101CB5C03F01F03D840009000985E
:108EE000126802F00F02895C01F01F01C84040F2D5
:108EF0000401C2F200410860009840F20001C2F291
:108F00000041086040F20C00C2F200400068FEF729
:108F100043FA8DF80B009DF80B008DF81700FFE762
:108F20009DF8170006B080BD80B582B000F050F803
:108F300044F21842C5F602021168C1F3032343F656
:108F40000401C0F60101CB5C03F01F03D84001907F
:108F50000198126802F00F02895C01F01F0120FAEB
:108F600001F140F20400C2F200400160019940F2B8
:108F70000002C2F200421160006802B080BD000031
:108F800080B5FFF7D1FF44F21C41C5F60201096824
:108F9000C1F3021243F60401C0F60101895C01F03D
:108FA0001F01C84080BD000080B5FFF7BDFF44F23F
:108FB0001C41C5F602010968C1F3022243F604010F
:108FC000C0F60101895C01F01F01C84080BD0000AE
:108FD0008AB044F21040C5F60200006800F0380084
:108FE00001460191182800F25F810199DFE811F034
:108FF00019005C015C015C015C015C015C015C01CD
:109000003A005C015C015C015C015C015C015C019B
:1090100040005C015C015C015C015C015C015C0185
:10902000460044F20040C5F60200006800F020014E
:109030000020B0EB511F0ED0FFE744F20040C5F610
:1090400002000068C0F3C10149F20000C0F2D03054
:10905000C840029005E049F20000C0F2D030029012
:10906000FFE727E140F60010C0F23D00029021E149
:1090700043F20060C0F26E1002901BE144F22840FF
:10908000C5F60200016801F0030108910068C0F311
:109090000510079044F22C40C5F60200006800F06D
:1090A00001000690069844F23441C5F602010968B1
:1090B00089B2C908484300EE100AB8EE400A8DEDA7
:1090C000040A0798002800F0EB80FFE7089800905A
:1090D00048B1FFE70098012865D0FFE70098022813
:1090E00000F08380A3E044F20040C5F6020000686F
:1090F00000F020010020B0EB511F31D0FFE744F217
:109100000040C5F602000068C0F3C10149F200004A
:10911000C0F2D030C84005909DED050AB8EE400A77
:109120009DED071AB8EE411A80EE010A44F2304074
:10913000C5F6020000686FF35F2001EE100AB8EE7A
:10914000411A9DED042A9FED5E3A02EE031AB7EE36
:10915000002A31EE021A20EE010A8DED030A21E009
:109160009DED070AB8EE401A9FED570A80EE010AFE
:1091700044F23040C5F6020000686FF35F2001EE54
:10918000100AB8EE411A9DED042A9FED4D3A02EE09
:10919000031AB7EE002A31EE021A20EE010A8DED15
:1091A000030AFFE765E09DED070AB8EE401A9FED60
:1091B000450A80EE010A44F23040C5F6020000681C
:1091C0006FF35F2001EE100AB8EE411A9DED042AFC
:1091D0009FED3B3A02EE031AB7EE002A31EE021A77
:1091E00020EE010A8DED030A43E09DED070AB8EE7B
:1091F000401A9FED320A80EE010A44F23040C5F673
:10920000020000686FF35F2001EE100AB8EE411A09
:109210009DED042A9FED2A3A02EE031AB7EE002ACA
:1092200031EE021A20EE010A8DED030A21E09DEDD8
:10923000070AB8EE401A9FED230A80EE010A44F2B5
:109240003040C5F6020000686FF35F2001EE100A9F
:10925000B8EE411A9DED042A9FED193A02EE031A69
:10926000B7EE002A31EE021A20EE010A8DED030A54
:10927000FFE744F23040C5F60200006881B20120E9
:1092800000EB512009909DED030A9DED091AB8EEFF
:10929000411A80EE010ABCEEC00A8DED020A02E01E
:1092A00000200290FFE705E040F60010C0F23D000C
:1092B0000290FFE702980AB0704700BF001BB74B4F
:1092C000000000390024744A0024744C000000009F
:1092D00080B58CB00A900A9828B9FFE701208DF874
:1092E0002F0000F001BD0A980078C007002800F0A8
:1092F000B980FFE744F21040C5F60200006800F0B4
:109300003800069044F22840C5F602000068059037
:10931000069810280AD0FFE7069818281CD1FFE706
:10932000059800F00300022816D1FFE744F2004040
:10933000C5F60200006800F400310020B0EB514F88
:1093400009D0FFE70A98406828B9FFE701208DF8A7
:109350002F0000F0C9BC84E0FFE70A984068B0F530
:10936000803F09D1FFE744F20041C5F602010868D9
:1093700040F48030086032E00A98406868B9FFE73E
:1093800044F20041C5F60201086820F4803008600C
:10939000086820F48020086020E00A984068B0F552
:1093A000A02F0DD1FFE744F20041C5F60201086885
:1093B00040F480200860086840F4803008600CE0C9
:1093C00044F20041C5F60201086820F480300860CC
:1093D000086820F480200860FFE7FFE7FFE7FFE769
:1093E0000A984068F0B1FFE7FDF77EFF0990FFE7BC
:1093F00044F20040C5F60200006800F4003100208D
:10940000B0EB514F0DD1FFE7FDF76EFF0999401A00
:10941000652805D3FFE703208DF82F0000F064BC1A
:10942000E6E71DE0FDF760FF0990FFE744F200402A
:10943000C5F60200006800F400310020B0EB514F87
:109440000DD0FFE7FDF750FF0999401A652805D3B5
:10945000FFE703208DF82F0000F046BCE6E7FFE7AA
:10946000FFE7FFE70A9800788007002840F1C580F1
:10947000FFE744F21040C5F60200006800F0380033
:10948000049044F22840C5F6020000680390049856
:1094900050B1FFE70498182850D1FFE79DF80C0061
:1094A000800700284AD1FFE744F20040C5F60200D9
:1094B000006800F004010020B0EB910F09D0FFE735
:1094C0000A98C06828B9FFE701208DF82F0000F046
:1094D0000BBC44F20041C5F60201086820F01900F7
:1094E0000A9AD26810430860FDF7FEFE0990FFE774
:1094F00044F20040C5F60200006800F004010020BC
:10950000B0EB910F0CD1FFE7FDF7EEFE0999401A81
:10951000032804D3FFE703208DF82F00E4E3E7E7F7
:1095200044F20441C5F60201086820F0FE400A9AA0
:10953000126940EA02600860FFE75DE00A98C068CF
:10954000A0B3FFE744F20041C5F60201086820F02D
:1095500019000A9AD26810430860FDF7C5FE099009
:10956000FFE744F20040C5F60200006800F0040185
:109570000020B0EB910F0CD1FFE7FDF7B5FE099984
:10958000401A032804D3FFE703208DF82F00ABE334
:10959000E7E744F20441C5F60201086820F0FE4006
:1095A0000A9A126940EA0260086024E044F200412D
:1095B000C5F60201086820F001000860FDF794FE7E
:1095C0000990FFE744F20040C5F60200006800F091
:1095D00004010020B0EB910F0CD0FFE7FDF784FEF3
:1095E0000999401A032804D3FFE703208DF82F00C0
:1095F0007AE3E7E7FFE7FFE7FFE70A980078C006AE
:10960000002840F1A080FFE744F21040C5F60200B8
:10961000006800F03800029044F22840C5F60200CD
:1096200000680190029808280AD0FFE702981828DD
:109630002BD1FFE7019800F00300012825D1FFE7B7
:1096400044F20040C5F60200006800F4807100207A
:10965000B0EB112F09D0FFE70A98C069802804D029
:10966000FFE701208DF82F003EE3FFE744F20C41B5
:10967000C5F60201086820F07C500A9A126A40EA96
:1096800002600860FFE7FFE75CE00A98C06998B3F2
:10969000FFE744F20041C5F60201086840F080008F
:1096A0000860FDF721FE0990FFE744F20040C5F68F
:1096B0000200006800F480710020B0EB112F0CD183
:1096C000FFE7FDF711FE0999401A032804D3FFE7CD
:1096D00003208DF82F0007E3E7E7FFE744F20C4192
:1096E000C5F60201086820F07C500A9A126A40EA26
:1096F00002600860FFE724E044F20041C5F6020181
:10970000086820F080000860FDF7EEFD0990FFE793
:1097100044F20040C5F60200006800F480710020A9
:10972000B0EB112F0CD0FFE7FDF7DEFD0999401AD1
:10973000032804D3FFE703208DF82F00D4E2E7E7E6
:10974000FFE7FFE7FFE70A980078000700284FD5FA
:10975000FFE70A98406928B3FFE744F27441C5F671
:109760000201086840F001000860FDF7BDFD0990A6
:10977000FFE744F27440C5F60200006800F0020101
:109780000020B0EB510F0CD1FFE7FDF7ADFD0999BB
:10979000401A032804D3FFE703208DF82F00A3E22B
:1097A000E7E724E044F27441C5F60201086820F0BE
:1097B00001000860FDF798FD0990FFE744F274404E
:1097C000C5F60200006800F002010020B0EB510F66
:1097D0000CD0FFE7FDF788FD0999401A032804D350
:1097E000FFE703208DF82F007EE2E7E7FFE7FFE7C2
:1097F0000A980078800600284FD5FFE70A9880690C
:1098000028B3FFE744F20041C5F60201086840F4BE
:1098100080500860FDF768FD0990FFE744F20040C2
:10982000C5F60200006800F400510020B0EB513F83
:109830000CD1FFE7FDF758FD0999401A032804D31E
:10984000FFE703208DF82F004EE2E7E724E044F223
:109850000041C5F60201086820F480500860FDF759
:1098600043FD0990FFE744F20040C5F6020000689E
:1098700000F400510020B0EB513F0CD0FFE7FDF7A2
:1098800033FD0999401A032804D3FFE703208DF81C
:109890002F0029E2E7E7FFE7FFE70A980078400793
:1098A000002840F1A780FFE744F60001C5F6020159
:1098B000086840F480700860FDF716FD0990FFE726
:1098C00044F60000C5F602000068C00500280CD46C
:1098D000FFE7FDF709FD0999401A652804D3FFE762
:1098E00003208DF82F00FFE1EAE7FFE70A98806880
:1098F000012809D1FFE744F27041C5F6020108686A
:1099000040F00100086031E00A98806868B9FFE71C
:1099100044F27041C5F60201086820F001000860B9
:10992000086820F0040008601FE00A988068052895
:109930000DD1FFE744F27041C5F60201086840F01E
:1099400004000860086840F0010008600CE044F280
:109950007041C5F60201086820F00100086008683F
:1099600020F004000860FFE7FFE7FFE7FFE70A9841
:109970008068F8B1FFE7FDF7B7FC0990FFE744F214
:109980007040C5F60200006800F002010020B0EB54
:10999000510F0ED1FFE7FDF7A7FC0999401A41F2DC
:1099A0008931884204D3FFE703208DF82F009BE123
:1099B000E5E71EE0FDF798FC0990FFE744F27040F0
:1099C000C5F60200006800F002010020B0EB510F64
:1099D0000ED0FFE7FDF788FC0999401A41F2893162
:1099E000884204D3FFE703208DF82F007CE1E5E7F0
:1099F000FFE7FFE70A98406A002800F07181FFE75F
:109A000044F21040C5F60200006800F03800182843
:109A100000F0E080FFE70A98406A022840F0B48036
:109A2000FFE744F20041C5F60201086820F08070AB
:109A30000860FDF759FC0990FFE744F20040C5F6C5
:109A40000200006800F000710020B0EB516F0CD0F4
:109A5000FFE7FDF749FC0999401A032804D3FFE703
:109A600003208DF82F003FE1E7E7FFE744F22841AC
:109A7000C5F60201086840F2F33290430A9B9A6AE5
:109A8000DB6A42EA0312104308600A99086BD1F8B6
:109A900034C08B6BCA6B01386FF35F204FF60061E7
:109AA000CFF6FF7101EB4C2189B208440021CFF6BB
:109AB000FF7101EB034101F4FE0108444FF07F41C7
:109AC00001EB026101F0FE41084444F23041C5F669
:109AD00002010860FFE744F22C41C5F60201009143
:109AE000086820F00100086044F23442C5F6020222
:109AF00010684FF6F87398430A9B9B6C40EAC300CA
:109B00001060086820F00C000A9A126C104308607C
:109B1000086820F002000A9A526C10430860086836
:109B200040F480300860086840F40030086008683D
:109B300040F480200860086840F00100086044F2AA
:109B40000041C5F60201086840F080700860FDF72A
:109B5000CBFB0990FFE744F20040C5F60200006825
:109B600000F000710020B0EB516F0CD1FFE7FDF762
:109B7000BBFB0999401A032804D3FFE703208DF8A3
:109B80002F00B1E0E7E724E044F20041C5F602010E
:109B9000086820F080700860FDF7A6FB0990FFE7D9
:109BA00044F20040C5F60200006800F00071002099
:109BB000B0EB516F0CD0FFE7FDF796FB0999401A07
:109BC000032804D3FFE703208DF82F008CE0E7E79C
:109BD000FFE784E044F22840C5F6020000680890E0
:109BE00044F23040C5F60200006807900A98406AC7
:109BF000012837D0FFE7089800F003000A99896A26
:109C000088422FD1FFE7089800F47C710A98C06A57
:109C1000B0EB111F26D1FFE707986FF35F200A9979
:109C2000096B013988421DD1FFE7BDF81C100A9865
:109C3000406B0138B0EB512F14D1FFE7079800F4C7
:109C4000FE010A98806B0138B0EB114F0AD1FFE793
:109C5000079800F0FE410A98C06B0138B0EB116F15
:109C600004D0FFE701208DF82F003DE044F234409E
:109C7000C5F60200006880B2C00808900A98806C9F
:109C80000899884229D0FFE744F22C41C5F6020129
:109C9000086820F001000860FDF726FB0990FFE747
:109CA000FDF722FB0999401A08B9FFE7F8E744F2EB
:109CB0003441C5F6020108684FF6F87290430A9ADB
:109CC000926C40EAC200086044F22C41C5F60201E1
:109CD000086840F001000860FFE7FFE7FFE7FFE7E3
:109CE00000208DF82F00FFE79DF82F000CB080BDFD
:109CF00080B582B00190019803F05EF802B080BD9B
:109D000081B0009001B0704781B0009001B0704701
:109D100081B0009001B0704785B003900291FFE7D9
:109D2000039890F83C00012804D1FFE702208DF849
:109D30001300ABE00399012081F83C00FFE7FFE747
:109D40000399022081F83D00039800684068019063
:109D50000398006880680090039800680021C4F2AE
:109D60000101884209D0FFE70398006840F20041F2
:109D7000C4F2010188420AD1FFE7019820F4700083
:109D8000019002984168019808430190FFE701980B
:109D900020F070000190029801680198084301903A
:109DA0000198039909684860039800680021C4F28B
:109DB000010188424ED0FFE703980068B0F1804F60
:109DC00048D0FFE70398006840F20041C4F2000168
:109DD00088423FD0FFE70398006840F60001C4F2D4
:109DE0000001884236D0FFE70398006840F6004142
:109DF000C4F2000188422DD0FFE70398006840F2CA
:109E00000041C4F20101884224D0FFE703980068B2
:109E100041F60001C4F2000188421BD0FFE703981D
:109E2000006844F20001C4F20101884212D0FFE749
:109E3000039800684EF20001C4F20001884209D084
:109E4000FFE7039800684EF20041C4F20001884227
:109E50000ED1FFE7009820F0800000900298816802
:109E60000098084300900098039909688860FFE70C
:109E70000399012081F83D00FFE70399002081F854
:109E80003C00FFE700208DF81300FFE79DF813006A
:109E900005B070470000000080B582B000900098C7
:109EA00020B9FFE701208DF8070045E0009890F801
:109EB0003D0040B9FFE70099002081F83C00009880
:109EC00000F03EF8FFE70099022081F83D0000997C
:109ED00051F8040B03F0C0F80099012081F8480004
:109EE000FFE70099012081F83E00009981F83F00CA
:109EF000009981F84000009981F84100009981F8AB
:109F00004200009981F84300FFE7FFE70099012034
:109F100081F84400009981F84500009981F84600D5
:109F2000009981F84700FFE70099012081F83D0082
:109F300000208DF80700FFE79DF8070002B080BD04
:109F400080B588B0079007980068B0F1804F19D1AC
:109F5000FFE7FFE744F2E840C5F60200016841F080
:109F600001010160006800F0010006900698FFE71B
:109F70001C20039000221146FDF772FA0398FDF7AA
:109F800063FA45E00798006840F60001C4F200015A
:109F9000884219D1FFE7FFE744F2E840C5F6020026
:109FA000016841F004010160006800F004000590C0
:109FB0000598FFE71E20029000221146FDF750FA97
:109FC0000298FDF741FA22E00798006840F6004148
:109FD000C4F20001884219D1FFE7FFE744F2E840EC
:109FE000C5F60200016841F008010160006800F058
:109FF000080004900498FFE73220019000221146E7
:10A00000FDF72EFA0198FDF71FFAFFE7FFE7FFE7DC
:10A0100008B080BD0000000083B00190019890F866
:10A020003D00012804D0FFE701208DF80B0083E0FC
:10A030000199022081F83D0001980168C86840F04C
:10A040000100C860019800680021C4F20101884243
:10A050004ED0FFE701980068B0F1804F48D0FFE78D
:10A060000198006840F20041C4F2000188423FD0EC
:10A07000FFE70198006840F60001C4F20001884241
:10A0800036D0FFE70198006840F60041C4F20001B5
:10A0900088422DD0FFE70198006840F20041C4F2E9
:10A0A0000101884224D0FFE70198006841F60001D1
:10A0B000C4F2000188421BD0FFE70198006844F217
:10A0C0000001C4F20101884212D0FFE70198006844
:10A0D0004EF20001C4F20001884209D0FFE7019866
:10A0E00000684EF20041C4F20001884219D1FFE736
:10A0F0000198006880680721C0F2010108400090C3
:10A10000009806280CD0FFE70098B0F5803F07D0F4
:10A11000FFE701980168086840F001000860FFE768
:10A1200006E001980168086840F001000860FFE758
:10A1300000208DF80B00FFE79DF80B0003B070477F
:10A1400080B586B00490039100208DF80B00FFE7E6
:10A15000049890F83C00012804D1FFE702208DF814
:10A160001700D1E00499012081F83C00FFE7FFE7E8
:10A170000499022081F83D000498006880680190ED
:10A1800001984FF68871CFF6CE7108400190019882
:10A1900020F47F4001900198049909688860039831
:10A1A00000680090002800F09580FFE700981028D4
:10A1B00000F09080FFE70098202800F08B80FFE7F8
:10A1C0000098302800F08680FFE70098402874D07F
:10A1D000FFE70098502856D0FFE7009860285FD02E
:10A1E000FFE7009870282AD0FFE70098B0F5805F5D
:10A1F00024D0FFE70098B0F5005F35D0FFE7009866
:10A20000B0F5801F66D0FFE70098B0F1101F61D055
:10A21000FFE700982021C0F2100188425AD0FFE7E2
:10A2200000983021C0F21001884253D0FFE7009817
:10A230004021C0F2100188424CD052E055E0049811
:10A240000068039B5A689968DB6803F009F8049872
:10A25000006880680190019840F0770001900198B3
:10A2600004990968886040E004980068039B5A6874
:10A270009968DB6802F0F4FF04980168886840F48C
:10A280008040886031E004980068039A5168D26881
:10A2900003F076FB04980068502102F0FDFF24E0F3
:10A2A00004980068039A5168D26803F091FB0498FF
:10A2B0000068602102F0F0FF17E004980068039A3C
:10A2C0005168D26803F05CFB04980068402102F0FA
:10A2D000E3FF0AE0049800680399096802F0DCFFD4
:10A2E00003E001208DF80B00FFE70499012081F8BD
:10A2F0003D00FFE70499002081F83C00FFE79DF84E
:10A300000B008DF81700FFE79DF8170006B080BD21
:10A3100081B0009001B0704780B584B0039003987D
:10A320000068C068029003980068006901909DF879
:10A3300004008007002824D5FFE79DF80800800767
:10A3400000281DD5FFE7039801686FF0020008613F
:10A35000039901200877039800688069800720B17D
:10A36000FFE70398FFF7D4FF06E0039800F058F9E1
:10A37000039800F0BDFAFFE7039900200877FFE794
:10A38000FFE79DF804004007002825D5FFE79DF86A
:10A390000800400700281ED5FFE7039801686FF00A
:10A3A0000400086103990220087703980068806917
:10A3B00010F4407F04D0FFE70398FFF7A9FF06E001
:10A3C000039800F02DF9039800F092FAFFE7039943
:10A3D00000200877FFE7FFE79DF80400000700284A
:10A3E00024D5FFE79DF80800000700281DD5FFE7EA
:10A3F000039801686FF0080008610399042008774A
:10A4000003980068C069800720B1FFE70398FFF751
:10A410007FFF06E0039800F003F9039800F068FA64
:10A42000FFE7039900200877FFE7FFE79DF80400A6
:10A43000C006002825D5FFE79DF80800C0060028C3
:10A440001ED5FFE7039801686FF0100008610399BB
:10A450000820087703980068C06910F4407F04D092
:10A46000FFE70398FFF754FF06E0039800F0D8F8E1
:10A47000039800F03DFAFFE7039900200877FFE713
:10A48000FFE79DF80400C00778B1FFE79DF80800DA
:10A49000C00748B1FFE7039801686FF00100086149
:10A4A000039800F07DFBFFE7FFE7019800F08000D4
:10A4B000802806D0FFE79DF805008006002810D50B
:10A4C000FFE79DF808000006002809D5FFE703987C
:10A4D00001686FF4025008610398FFF715FCFFE76D
:10A4E000FFE79DF80500C00780B1FFE79DF8080071
:10A4F0000006002809D5FFE7039801686FF4807013
:10A5000008610398FFF7FCFBFFE7FFE79DF80400F5
:10A510004006002810D5FFE79DF8080040060028F7
:10A5200009D5FFE7039801686FF0400008610398C0
:10A5300000F0D2FCFFE7FFE79DF80400800600284A
:10A5400010D5FFE79DF808008006002809D5FFE731
:10A55000039801686FF0200008610398FFF7D8FBAB
:10A56000FFE7FFE704B080BD80B588B0079000200A
:10A57000069005900490039002900798006840F2BE
:10A580000041C4F2000188421ED1FFE7FFE744F218
:10A59000E040C5F60200016841F002010160006878
:10A5A00000F0020001900198FFE702200290039062
:10A5B000002104910591069040F20040C5F602008A
:10A5C00002A9FCF7A5FC29E00798006841F6000104
:10A5D000C4F20001884220D1FFE7FFE744F2E040E7
:10A5E000C5F60200016841F002010160006800F058
:10A5F000020000900098FFE74FF400400290022014
:10A600000390002104910591069040F20040C5F6A8
:10A61000020002A9FCF77CFCFFE7FFE708B080BD61
:10A6200081B0009001B0704780B586B0049003916E
:10A63000029200208DF80700FFE7049890F83C0094
:10A64000012804D1FFE702208DF81700C0E004992B
:10A65000012081F83C00FFE7FFE7029800901428F2
:10A6600000F2A7800099DFE801F00BA4A4A424A4C1
:10A67000A4A43EA4A4A457A4A4A471A4A4A48A003E
:10A6800004980068039902F01FFE04980168886925
:10A6900040F00800886104980168886920F004008F
:10A6A0008861039802690498016888691043886189
:10A6B00083E004980068039902F0AEFE04980168F4
:10A6C000886940F40060886104980168886920F412
:10A6D000806088610398026904980168886940EA8B
:10A6E0000220886169E004980068039902F04CFF39
:10A6F00004980168C86940F00800C86104980168BE
:10A70000C86920F00400C8610398026904980168D0
:10A71000C8691043C86150E004980068039902F0CA
:10A72000EBFF04980168C86940F40060C8610498B0
:10A730000168C86920F48060C861039802690498C0
:10A740000168C86940EA0220C86136E004980068E0
:10A75000039903F041F804980168486D40F008003F
:10A76000486504980168486D20F004004865039826
:10A77000026904980168486D104348651DE004981B
:10A780000068039903F090F804980168486D40F45C
:10A790000060486504980168486D20F48060486551
:10A7A0000398026904980168486D40EA02204865F0
:10A7B00003E001208DF80700FFE7FFE70499002080
:10A7C00081F83C00FFE79DF807008DF81700FFE7D0
:10A7D0009DF8170006B080BD80B582B0009000984B
:10A7E00020B9FFE701208DF8070045E0009890F8B8
:10A7F0003D0040B9FFE70099002081F83C00009837
:10A8000000F03EF8FFE70099022081F83D00009932
:10A8100051F8040B02F020FC0099012081F8480057
:10A82000FFE70099012081F83E00009981F83F0080
:10A83000009981F84000009981F84100009981F861
:10A840004200009981F84300FFE7FFE700990120EB
:10A8500081F84400009981F84500009981F846008C
:10A86000009981F84700FFE70099012081F83D0039
:10A8700000208DF80700FFE79DF8070002B080BDBB
:10A8800083B002900298006840F20041C4F20001D7
:10A89000884210D1FFE7FFE744F2E840C5F6020026
:10A8A000016841F002010160006800F002000190BF
:10A8B0000198FFE719E00298006841F60001C4F230
:10A8C0000001884210D1FFE7FFE744F2E840C5F6F7
:10A8D0000200016841F040010160006800F04000A2
:10A8E00000900098FFE7FFE7FFE703B07047000024
:10A8F00081B0009001B0704780B590B00E900D917E
:10A900000D9828B9FFE70E9890F83E000B9034E0C0
:10A910000D98042805D1FFE70E9890F83F000A90A3
:10A9200028E00D98082805D1FFE70E9890F8400020
:10A9300009901CE00D980C2805D1FFE70E9890F8BF
:10A940004100089010E00D98102805D1FFE70E98FF
:10A9500090F84200079004E00E9890F843000790AA
:10A96000FFE707980890FFE708980990FFE7099824
:10A970000A90FFE70A980B90FFE70B98012804D094
:10A98000FFE701208DF83F0003E10D9828B9FFE7AC
:10A990000E99022081F83E0038E00D98042806D177
:10A9A000FFE70E99022081F83F0006902CE00D98F9
:10A9B000082806D1FFE70E99022081F84000059093
:10A9C0001FE00D980C2806D1FFE70E99022081F8B0
:10A9D0004100049012E00D98102806D1FFE70E996F
:10A9E000022081F84200039005E00E99022081F8D0
:10A9F00043000390FFE703980490FFE70498059055
:10AA0000FFE705980690FFE70698FFE70E980068B5
:10AA10000D990122019202F007FC01980E99096834
:10AA20000022C4F20102914202902DD0FFE70E985D
:10AA30000168012040F20042C4F2010291420290FA
:10AA400022D0FFE70E980168012044F20002C4F210
:10AA500001029142029017D0FFE70E980168012091
:10AA600044F20042C4F20102914202900CD0FFE78E
:10AA70000E9800684BF60001CBF6FE710844B0FA60
:10AA800080F040090290FFE70298C00738B1FFE765
:10AA90000E980168486C40F400404864FFE70E9847
:10AAA00000680021C4F2010188424ED0FFE70E98F1
:10AAB0000068B0F1804F48D0FFE70E98006840F280
:10AAC0000041C4F2000188423FD0FFE70E980068C1
:10AAD00040F60001C4F20001884236D0FFE70E982C
:10AAE000006840F60041C4F2000188422DD0FFE723
:10AAF0000E98006840F20041C4F20101884224D05F
:10AB0000FFE70E98006841F60001C4F20001884298
:10AB10001BD0FFE70E98006844F20001C4F2010167
:10AB2000884212D0FFE70E9800684EF20001C4F28E
:10AB30000001884209D0FFE70E9800684EF20041FC
:10AB4000C4F20001884219D1FFE70E9800688068BE
:10AB50000721C0F2010108400C900C9806280CD087
:10AB6000FFE70C98B0F5803F07D0FFE70E9801682B
:10AB7000086840F001000860FFE706E00E980168F1
:10AB8000086840F001000860FFE700208DF83F00F2
:10AB9000FFE79DF83F0010B080BD000000000000FE
:10ABA00080B582B0019042F28430C2F20040007859
:10ABB000C00708B9FFE78AE1019800680021C4F2E4
:10ABC000010188420FD1FFE740F2D810C2F20040E5
:10ABD000406838B1FFE740F2D810C2F20040406848
:10ABE0008047FFE773E101980068B0F1804F0FD113
:10ABF000FFE740F2F010C2F20040406838B1FFE7D2
:10AC000040F2F010C2F2004040688047FFE75DE18B
:10AC10000198006840F20041C4F2000188420FD15F
:10AC2000FFE740F2F810C2F20040406838B1FFE799
:10AC300040F2F810C2F2004040688047FFE744E16C
:10AC40000198006840F60001C4F2000188420FD16B
:10AC5000FFE740F20020C2F20040406838B1FFE751
:10AC600040F20020C2F2004040688047FFE72BE13D
:10AC70000198006840F60041C4F2000188420FD1FB
:10AC8000FFE740F20820C2F20040406838B1FFE719
:10AC900040F20820C2F2004040688047FFE712E11E
:10ACA0000198006841F20001C4F2000188420FD10E
:10ACB000FFE740F21020C2F20040406838B1FFE7E1
:10ACC00040F21020C2F2004040688047FFE7F9E000
:10ACD0000198006841F20041C4F2000188420FD19E
:10ACE000FFE740F21820C2F20040406838B1FFE7A9
:10ACF00040F21820C2F2004040688047FFE7E0E0E1
:10AD00000198006840F20041C4F2010188420FD16D
:10AD1000FFE740F22020C2F20040406838B1FFE770
:10AD200040F22020C2F2004040688047FFE7C7E0C1
:10AD30000198006841F60001C4F2000188420FD179
:10AD4000FFE740F2A810C2F20040406838B1FFE7C8
:10AD500040F2A810C2F2004040688047FFE7AEE032
:10AD60000198006841F60041C4F2000188420FD109
:10AD7000FFE740F2B010C2F20040406838B1FFE790
:10AD800040F2B010C2F2004040688047FFE795E013
:10AD90000198006842F20001C4F2000188420FD11C
:10ADA000FFE740F2B810C2F20040406838B1FFE758
:10ADB00040F2B810C2F2004040688047FFE77CE0F4
:10ADC0000198006844F20001C4F2010188420FD1E9
:10ADD000FFE740F2C010C2F20040406838B1FFE720
:10ADE00040F2C010C2F2004040688047FFE763E0D5
:10ADF0000198006844F20041C4F2010188420FD179
:10AE0000FFE740F2C810C2F20040406838B1FFE7E7
:10AE100040F2C810C2F2004040688047FFE74AE0B5
:10AE20000198006844F60001C4F2010188420FD184
:10AE3000FFE740F2D010C2F20040406838B1FFE7AF
:10AE400040F2D010C2F2004040688047FFE731E096
:10AE5000019800684EF20001C4F2000188420FD14F
:10AE6000FFE740F2E010C2F20040406838B1FFE76F
:10AE700040F2E010C2F2004040688047FFE718E06F
:10AE8000019800684EF20041C4F2000188420FD1DF
:10AE9000FFE740F2E810C2F20040406838B1FFE737
:10AEA00040F2E810C2F2004040688047FFE7FFE749
:10AEB000FFE7FFE7FFE7FFE7FFE7FFE7FFE7FFE762
:10AEC000FFE7FFE7FFE7FFE7FFE7FFE7FFE702B086
:10AED00080BD00000000000081B0009001B070470C
:10AEE00083B00190FFE7019890F88400012804D115
:10AEF000FFE702208DF80B002CE00199012081F87A
:10AF00008400FFE7FFE701992420C1F88800019839
:10AF100000680068009001980168086820F001004E
:10AF20000860009820F000500090019900204866C9
:10AF3000009801990968086001992020C1F88800EB
:10AF4000FFE70199002081F88400FFE700208DF8D9
:10AF50000B00FFE79DF80B0003B0704700000000F6
:10AF600080B586B004900391ADF80A200498D0F81B
:10AF70008C00202844D1FFE7039820B1FFE7BDF8FB
:10AF80000A0020B9FFE701208DF817003CE0049982
:10AF90000120C86604990020086704980399BDF849
:10AFA0000A2003F04DFE8DF809009DF8090010BB42
:10AFB000FFE70498C06E012818D1FFE704980168E4
:10AFC00010200862FFE7FFE70498006850E8000FD0
:10AFD00040F010000190FFE701990498026842E8F0
:10AFE00000100028F0D1FFE7FFE703E001208DF813
:10AFF0000900FFE7FFE79DF809008DF8170003E05F
:10B0000002208DF81700FFE79DF8170006B080BDFD
:10B0100080B582B00190ADF802100198006841F24D
:10B020000001C4F20101884220D1FFE740F2344020
:10B03000C2F20040D0F8080260B1FFE740F23440AD
:10B04000C2F20040D0F80822BDF8021000F582706C
:10B050009047FFE7019840F23441C2F20041B1F855
:10B06000042201F58271FFF77BFF79E10198006806
:10B0700044F20041C4F20001884220D1FFE740F2CF
:10B080004060C2F20040D0F8080260B1FFE740F231
:10B090004060C2F20040D0F80822BDF8021000F56E
:10B0A00082709047FFE7019840F24061C2F2004190
:10B0B000B1F8042201F58271FFF752FF4FE10198C8
:10B0C000006844F60001C4F20001884220D1FFE785
:10B0D00040F64C00C2F20040D0F8080260B1FFE731
:10B0E00040F64C00C2F20040D0F80822BDF8021031
:10B0F00000F582709047FFE7019840F64C01C2F2DC
:10B100000041B1F8042201F58271FFF729FF25E122
:10B110000198006844F60041C4F20001884220D141
:10B12000FFE740F65820C2F20040D0F8080260B1B4
:10B13000FFE740F65820C2F20040D0F80822BDF8E0
:10B14000021000F582709047FFE7019840F6582101
:10B15000C2F20041B1F8042201F58271FFF700FF4D
:10B16000FBE00198006845F20001C4F2000188424A
:10B1700020D1FFE740F66440C2F20040D0F8080258
:10B1800060B1FFE740F66440C2F20040D0F8082208
:10B19000BDF8021000F582709047FFE7019840F675
:10B1A0006441C2F20041B1F8042201F58271FFF757
:10B1B000D7FED1E00198006841F20041C4F20101DC
:10B1C000884220D1FFE740F67060C2F20040D0F81C
:10B1D000080260B1FFE740F67060C2F20040D0F8AC
:10B1E0000822BDF8021000F582709047FFE7019831
:10B1F00040F67061C2F20041B1F8042201F582719B
:10B20000FFF7AEFEA7E00198006847F60001C4F220
:10B210000001884220D1FFE741F27C00C2F20040E9
:10B22000D0F8080260B1FFE741F27C00C2F20040B2
:10B23000D0F80822BDF8021000F582709047FFE7B1
:10B24000019841F27C01C2F20041B1F8042201F5FB
:10B250008271FFF785FE7DE00198006847F60041A6
:10B26000C4F20001884220D1FFE741F28820C2F2F7
:10B270000040D0F8080260B1FFE741F28820C2F236
:10B280000040D0F80822BDF8021000F58270904707
:10B29000FFE7019841F28821C2F20041B1F804228F
:10B2A00001F58271FFF75CFE53E00198006841F6FA
:10B2B0000001C4F20101884220D1FFE741F294402D
:10B2C000C2F20040D0F8080260B1FFE741F29440BA
:10B2D000C2F20040D0F80822BDF8021000F58270DA
:10B2E0009047FFE7019841F29441C2F20041B1F862
:10B2F000042201F58271FFF733FE29E0019800680E
:10B3000041F60041C4F20101884220D1FFE740F23A
:10B310002820C2F20040D0F8080260B1FFE740F2F6
:10B320002820C2F20040D0F80822BDF8021000F533
:10B3300082709047FFE7019840F22821C2F2004155
:10B34000B1F8042201F58271FFF70AFEFFE7FFE77B
:10B35000FFE7FFE7FFE7FFE7FFE7FFE7FFE7FFE7BD
:10B3600002B080BD0000000081B0009001B07047C5
:10B3700080B584B002900191FFE7029890F88400B4
:10B38000012804D1FFE702208DF80F0032E0029976
:10B39000012081F88400FFE7FFE702992420C1F82B
:10B3A00088000298006800680090029801680868A8
:10B3B00020F00100086002980068806820F060605A
:10B3C00001990843029909688860029802F0A8FB75
:10B3D000009802990968086002992020C1F8880045
:10B3E000FFE70299002081F88400FFE700208DF834
:10B3F0000F00FFE79DF80F0004B080BD00000000C3
:10B4000080B584B002900191FFE7029890F8840023
:10B41000012804D1FFE702208DF80F0032E00299E5
:10B42000012081F88400FFE7FFE702992420C1F89A
:10B430008800029800680068009002980168086817
:10B4400020F00100086002980068806820F06040E9
:10B4500001990843029909688860029802F060FB2C
:10B46000009802990968086002992020C1F88800B4
:10B47000FFE70299002081F88400FFE700208DF8A3
:10B480000F00FFE79DF80F0004B080BD0000000032
:10B4900081B0009001B0704781B0009001B070475A
:10B4A00081B0009001B0704780B592B011901198B2
:10B4B0000068C06910901198006800680F9011989A
:10B4C000006880680E90109840F60F0108400D90BB
:10B4D0000D98E0B9FFE79DF840008006002815D5DB
:10B4E000FFE79DF83C008006002806D4FFE79DF8A2
:10B4F0003B00C006002809D5FFE71198406F20B136
:10B50000FFE71198416F8847FFE72FE3FFE70D98AA
:10B51000002800F00C81FFE70E980121C1F2000124
:10B52000084209D1FFE70F9840F22011C0F2004114
:10B53000084200F0FC80FFE79DF84000C00788B19A
:10B54000FFE79DF83D00C00760B1FFE71198016873
:10B55000012008621199D1F8900040F00100C1F873
:10B560009000FFE79DF840008007002811D5FFE715
:10B570009DF83800C00760B1FFE71198016802200C
:10B5800008621199D1F8900040F00400C1F89000D1
:10B59000FFE79DF840004007002811D5FFE79DF820
:10B5A0003800C00760B1FFE7119801680420086205
:10B5B0001199D1F8900040F00200C1F89000FFE727
:10B5C0009DF840000007002819D5FFE79DF83C00D2
:10B5D0008006002807D4FFE70E980121C1F2000180
:10B5E00008420CD0FFE71198016808200862119901
:10B5F000D1F8900040F00800C1F89000FFE79DF8F6
:10B6000041000007002813D5FFE79DF83F004007E1
:10B6100000280DD5FFE7119801684FF4006008621B
:10B620001199D1F8900040F02000C1F89000FFE798
:10B630001198D0F89000002878D0FFE79DF84000DE
:10B640008006002815D5FFE79DF83C0080060028FD
:10B6500006D4FFE79DF83B00C006002809D5FFE7A8
:10B660001198406F20B1FFE71198416F8847FFE7BD
:10B67000FFE71198D0F890000C901198006880684E
:10B6800000F04000402806D0FFE79DF8300010F0A1
:10B69000280F42D0FFE7119802F006FD11980068CC
:10B6A00080684006002833D5FFE7FFE7FFE71198E1
:10B6B000006850E8020F20F040000B90FFE70B9964
:10B6C0001198026842E802100028F0D1FFE7FFE776
:10B6D0001198D0F88000B0B1FFE71198D0F8801031
:10B6E0004DF63960C0F6000008651198D0F880006A
:10B6F000F7F7DAFC30B1FFE71198D0F88000016D60
:10B700008847FFE703E01198FFF7CAFEFFE703E071
:10B710001198FFF7C5FEFFE707E01198FFF7C0FE9D
:10B7200011990020C1F89000FFE7FFE71EE2119891
:10B73000C06E012840F0BB81FFE79DF84000C006C5
:10B74000002840F1B481FFE79DF83C00C0060028C6
:10B7500040F1AD81FFE7119801681020086211984F
:10B76000006880684006002840F13F81FFE711989B
:10B77000D0F8800000681021C4F20201884200F075
:10B78000A280FFE71198D0F8800000682821C4F259
:10B790000201884200F09780FFE71198D0F88000FE
:10B7A00000684021C4F20201884200F08C80FFE76B
:10B7B0001198D0F8800000685821C4F20201884234
:10B7C00000F08180FFE71198D0F8800000687021B8
:10B7D000C4F20201884276D0FFE71198D0F88000C9
:10B7E00000688821C4F2020188426CD0FFE71198FA
:10B7F000D0F880000068A021C4F20201884262D023
:10B80000FFE71198D0F880000068B821C4F2020167
:10B81000884258D0FFE71198D0F88000006840F2C5
:10B820001041C4F2020188424DD0FFE71198D0F8D0
:10B830008000006840F22841C4F20201884242D0F0
:10B84000FFE71198D0F88000006840F24041C4F250
:10B850000201884237D0FFE71198D0F880000068D5
:10B8600040F25841C4F2020188422CD0FFE71198FF
:10B87000D0F88000006840F27041C4F202018842B2
:10B8800021D0FFE71198D0F88000006840F288418D
:10B89000C4F20201884216D0FFE71198D0F8800068
:10B8A000006840F2A041C4F2020188420BD0FFE7D9
:10B8B0001198D0F88000006840F2B841C4F202014B
:10B8C000884207D1FFE71198D0F8800000684068EF
:10B8D000019006E01198D0F880000068406801905F
:10B8E000FFE70198ADF82A00BDF82A0000287BD0B8
:10B8F000FFE7BDF82A001199B1F85C10884273DAAD
:10B90000FFE7BDF82A001199A1F85E001198D0F860
:10B910008000C069B0F5807F59D0FFE7FFE7FFE7FF
:10B920001198006850E8000F20F480700990FFE73C
:10B9300009991198026842E800100028F0D1FFE749
:10B94000FFE7FFE7FFE71198006850E8020F20F0DB
:10B9500001000890FFE708991198026842E8021078
:10B960000028F0D1FFE7FFE7FFE7FFE71198006845
:10B9700050E8020F20F040000790FFE70799119868
:10B98000026842E802100028F0D1FFE7FFE71199B2
:10B990002020C1F88C0011990020C866FFE7FFE75E
:10B9A0001198006850E8000F20F010000690FFE7A3
:10B9B00006991198026842E800100028F0D1FFE7CC
:10B9C000FFE71198D0F88000F6F7B2FEFFE7119973
:10B9D000022008671198B0F85C10B0F85E20891A50
:10B9E00089B2FFF715FBFFE7C0E01199B1F85C00E1
:10B9F000B1F85E10401AADF816001198B0F85E006C
:10BA0000002853D0FFE7BDF8160000284ED0FFE70E
:10BA1000FFE7FFE71198006850E8000F20F49070EE
:10BA20000490FFE704991198026842E8001000288A
:10BA3000F0D1FFE7FFE7FFE7FFE71198006850E864
:10BA4000020F4FF6FE71CEF6FF7108400390FFE73C
:10BA500003991198026842E802100028EDD1FFE72F
:10BA6000FFE711992020C1F88C0011990020C866C9
:10BA700011994867FFE7FFE71198006850E8000F49
:10BA800020F010000290FFE702991198026842E846
:10BA900000100028F0D1FFE7FFE7119902200867A6
:10BAA0001198BDF81610FFF7B3FAFFE75EE09DF8B6
:10BAB0004200C00600280FD5FFE79DF83A00400677
:10BAC000002809D5FFE7119801684FF4801008623B
:10BAD0001198FFF7E1FC49E09DF8400000060028BE
:10BAE00015D5FFE79DF83C000006002806D4FFE7C7
:10BAF0009DF83A000006002809D5FFE71198806FED
:10BB000020B1FFE71198816F8847FFE72EE09DF88D
:10BB10004000400600280AD5FFE79DF83C0040069B
:10BB2000002804D5FFE7119802F00EFB1EE09DF8F7
:10BB30004200000600280AD5FFE79DF83F004006B6
:10BB4000002804D5FFE71198FFF7A2FC0EE09DF84E
:10BB50004300C00750B1FFE79DF83F0000060028F2
:10BB600004D5FFE71198FFF7FFFBFFE712B080BD98
:10BB700080B582B00090009820B9FFE701208DF8D1
:10BB8000070046E00098806908B1FFE700E0FFE7A2
:10BB90000098D0F8880040B9FFE70099002081F8AC
:10BBA0008400009800F03CF8FFE700992420C1F8D9
:10BBB000880000980168086820F00100086000987B
:10BBC000806A20B1FFE7009801F0EEFFFFE70098E0
:10BBD00002F00EFB012804D1FFE701208DF80700D9
:10BBE00017E000980168486820F490404860009889
:10BBF0000168886820F02A00886000980168086859
:10BC000040F001000860009802F072F88DF807001B
:10BC1000FFE79DF8070002B080BD000000000000B3
:10BC200080B5CCB04B9000204A9049904890479006
:10BC3000469018A8B821F4F755FD4B98006845F2D6
:10BC40000001C4F20001884240F09680FFE7002026
:10BC5000199002211891359018A8FBF721FF18B10F
:10BC6000FFE7F6F77DFBFFE7FFE744F2E840C5F6A4
:10BC70000200016841F480110160006800F4801046
:10BC800017901798FFE7FFE744F2E040C5F602007F
:10BC9000016841F002010160006800F002001690A6
:10BCA0001698FFE7FFE744F2E040C5F6020001689E
:10BCB00041F008010160006800F008001590159837
:10BCC000FFE74FF40050469002200D90479000206F
:10BCD0000F90489049900E204A9040F20040C5F6DF
:10BCE000020046A90E91FBF713F90D9A0E990F98D1
:10BCF0000423469347924890499008204A9040F682
:10BD00000040C5F60200FBF703F90F9941F6144015
:10BD1000C2F20040109040F21042C4F202020260EF
:10BD2000412242608160C1604FF4806202614161E2
:10BD300081614FF48072C2614FF44032026241620D
:10BD4000F8F7EAFD18B1FFE7F6F70AFBFFE7FFE7B0
:10BD50004B9841F61441C2F20041C0F880104B9854
:10BD60008863FFE735200C9000221146FBF778FB33
:10BD70000C98FBF769FB56E14B98006841F2000113
:10BD8000C4F20101884240F09B80FFE70020199037
:10BD900001211891369018A8FBF782FE18B1FFE731
:10BDA000F6F7DEFAFFE7FFE744F2F040C5F60200DF
:10BDB000016841F010010160006800F0100014906B
:10BDC0001498FFE7FFE744F2E040C5F6020001687F
:10BDD00041F001010160006800F001001390139828
:10BDE000FFE74FF4C06046900220479000200A9081
:10BDF0004890499007204A900020C5F6020046A9C5
:10BE0000FBF786F80A9941F67C50C2F200400B908D
:10BE10002822C4F202020260292242608160C160CD
:10BE20004FF48062026141618161C1614FF440322F
:10BE300002624162F8F770FD18B1FFE7F6F790FA79
:10BE4000FFE7FFE74B9841F67C51C2F20041C0F892
:10BE500080104B988863FFE741F6F450C2F200402F
:10BE600009904021C4F2020101602A214160402171
:10BE700081600021C1604FF4806202614161816193
:10BE8000C1614FF4403202624162F8F745FD18B1DA
:10BE9000FFE7F6F765FAFFE7FFE74B9841F6F45145
:10BEA000C2F20041C1674B988863FFE725200890E4
:10BEB00000221146FBF7D4FA0898FBF7C5FAB1E067
:10BEC0004B98006841F60041C4F20101884240F0FD
:10BED000A880FFE70020199001211891369018A83A
:10BEE000FBF7DEFD18B1FFE7F6F73AFAFFE7FFE7E9
:10BEF00044F2F040C5F60200016841F080010160A3
:10BF0000006800F0800012901298FFE7FFE744F20B
:10BF1000E040C5F60200016841F0100101600068D0
:10BF200000F0100011901198FFE7042046900221C4
:10BF30000391479100210691489149914A9041F21D
:10BF40000000C5F60200049046A90591FAF7E0FF4B
:10BF5000039B04980599069A4FF0080CCDF818C178
:10BF60004793489249920B224A92FAF7D1FF0699D9
:10BF700041F68C40C2F2004007905822C4F20202FF
:10BF80000260762242608160C1604FF4806202618B
:10BF900041618161C16101624162F8F7BDFC18B184
:10BFA000FFE7F6F7DDF9FFE7FFE74B9841F68C4135
:10BFB000C2F20041C0F880104B988863FFE741F659
:10BFC0000450C2F2004002907021C4F202010160EC
:10BFD00077214160402181600021C1604FF480627F
:10BFE000026141618161C16101624162F8F794FCC3
:10BFF00018B1FFE7F6F7B4F9FFE7FFE74B9841F612
:10C000000451C2F20041C1674B988863FFE79C204E
:10C01000019000221146FBF723FA0198FBF714FA6E
:10C02000FFE7FFE7FFE74CB080BD00000000000025
:10C0300081B0009001B0704781B0009001B07047AE
:10C0400080B586B004900391ADF80A200498D0F82A
:10C050008800202870D1FFE7039820B1FFE7BDF8E2
:10C060000A0020B9FFE701208DF8170068E0039867
:10C0700004990865BDF80A000499A1F85400BDF8B8
:10C080000A000499A1F8560004990020C1F8900014
:10C0900004992120C1F888000498C06F88B3FFE795
:10C0A0000498C16F4EF21100C0F60000C8630498F6
:10C0B000C16F4EF29100C0F6000008640498C16F91
:10C0C0004DF66160C0F60000C8640498C16F00209E
:10C0D000086504980268016DC06F2832BDF80A3007
:10C0E000F9F7CAF860B1FFE704991020C1F8900091
:10C0F00004992020C1F8880001208DF817001FE066
:10C10000FFE70498016840200862FFE7FFE7049812
:10C11000006850E8020F40F080000190FFE70199AD
:10C120000498026842E802100028F0D1FFE7FFE718
:10C1300000208DF8170003E002208DF81700FFE7BC
:10C140009DF8170006B080BD81B0009001B0704727
:10C1500081B0009001B07047FFE7FEE700000000EB
:10C1600080B588B0FFE744F2D840C5F60200016808
:10C1700041F001010160006800F00100079007989C
:10C18000FFE7FFE744F2D840C5F60200016841F03E
:10C1900002010160006800F0020006900698FFE7C7
:10C1A0000C200090002204921146FBF759F90098E8
:10C1B000FBF74AF9049A0D2001901146FBF750F95C
:10C1C0000198FBF741F9049A0E2002901146FBF703
:10C1D00047F90298FBF738F9049A0F2003901146AB
:10C1E000FBF73EF90398FBF72FF9049A38200590E6
:10C1F0001146FBF735F90598FBF726F908B080BD25
:10C2000080B582B041F66C60C2F2004001904AF203
:10C210000001C4F20001016000228260C2600121BD
:10C22000017442748174032141610A2383614FF0D8
:10C230001D0CC0F81CC0036241628362C0F82CC0B0
:10C24000036340F2A463436381630421C163082351
:10C25000036441648364C164026541658265C265AB
:10C260002023036642668166FAF7B6F918B1FFE744
:10C27000F6F776F8FFE702B080BD0000000000008E
:10C2800080B582B041F60C70C2F2004001904AF2D3
:10C290000041C4F20001016000228260C2600121FD
:10C2A000017442748174032141610A2383614FF058
:10C2B0001D0CC0F81CC0036241628362C0F82CC030
:10C2C000036340F2A463436381630421C1630823D1
:10C2D000036441648364C164026541658265C2652B
:10C2E0002023036642668166FAF776F918B1FFE704
:10C2F000F6F736F8FFE702B080BD0000000000004E
:10C3000080B582B041F6AC70C2F2004001904DF2AF
:10C310000041C4F20001016000228260C26001217C
:10C32000017442748174032141610A2383614FF0D7
:10C330001D0CC0F81CC0036241628362C0F82CC0AF
:10C34000036340F2A463436381630421C163082350
:10C35000036441648364C164026541658265C265AA
:10C360002023036642668166FAF736F918B1FFE7C3
:10C37000F5F7F6FFFFE702B080BD00000000000007
:10C3800080B592B00020119010900F900E900D90FB
:10C39000FFE744F2E040C5F60200016841F01001F9
:10C3A0000160006800F010000C900C98FFE7FFE7B8
:10C3B00044F2E040C5F60200016841F0040101606A
:10C3C000006800F004000B900B98FFE7FFE744F2D1
:10C3D000E040C5F60200016841F08001016000689C
:10C3E00000F080000A900A98FFE7FFE744F2E0407F
:10C3F000C5F60200016841F002010160006800F02A
:10C40000020009900998FFE7FFE744F2E040C5F613
:10C410000200016841F008010160006800F00800B6
:10C4200008900898FFE7FFE744F2E040C5F60200F5
:10C43000016841F001010160006800F0010007900F
:10C440000798FFE740F60000C5F6020003904FF49E
:10C45000204100220592FAF72FFF03984FF4804104
:10C46000009101220292FAF727FF029A0398059998
:10C470004FF4C0430D930E9202220F9210910DA91A
:10C480000491FAF745FD029B03980499059A4FF42D
:10C49000004CCDF834C00E930F931092FAF738FD8C
:10C4A000009A029804990D924FF4041201920E9290
:10C4B0000F9041F20000C5F60200FAF729FD019B3A
:10C4C000029A039804994FF4E05CCDF834C00E93BF
:10C4D0000F92FAF71DFD059A282006901146FAF7EB
:10C4E000BFFF0698FAF7B0FF12B080BD0000000051
:10C4F00080B58CB0002101910B910A9109910891AE
:10C5000007910691059104910391029142F24C002A
:10C51000C2F2004041F60002C4F200020260EF22C3
:10C520004260816040F2E732C26001618021816136
:10C53000FEF752F918B1FFE7F5F712FFFFE7002009
:10C5400009900B9042F24C00C2F2004009A9FDF79D
:10C55000E3FB18B1FFE7F5F703FFFFE76020029068
:10C56000002003900490069042F24C00C2F200407A
:10C5700002A90422FEF758F818B1FFE7F5F7F0FE1C
:10C58000FFE742F24C00C2F20040FDF7EDFF0CB0B5
:10C5900080BD00000000000080B588B0002100913F
:10C5A000079106910591049103910291019142F244
:10C5B0009800C2F200404FF080420260EF224260D9
:10C5C00081600422C26001618161FDF765FC18B1E0
:10C5D000FFE7F5F7C5FEFFE74FF48050049042F205
:10C5E0009800C2F2004004A9FDF7AAFD18B1FFE7C8
:10C5F000F5F7B6FEFFE700200190039042F29800A5
:10C60000C2F2004001A9FDF787FB18B1FFE7F5F77B
:10C61000A7FEFFE708B080BD80B58CB00021019176
:10C620000B910A9109910891079106910591049146
:10C630000391029142F2E400C2F2004040F2004253
:10C64000C4F20002026041608160FF22C2600161A9
:10C650008161FEF7C1F818B1FFE7F5F781FEFFE74A
:10C66000002009900B9042F2E400C2F2004009A9B8
:10C67000FDF752FB18B1FFE7F5F772FEFFE7602008
:10C6800002900020039004900420069042F2E400FF
:10C69000C2F2004002A90C22FDF7C6FF18B1FFE765
:10C6A000F5F75EFEFFE742F2E400C2F20040FDF75C
:10C6B0005BFF0CB080BD000080B588B00021009108
:10C6C000079106910591049103910291019142F223
:10C6D0003010C2F2004040F60002C4F200020260D4
:10C6E000EF22426081606322C26001618161FDF7D7
:10C6F000D3FB18B1FFE7F5F733FEFFE74FF48050A7
:10C70000049042F23010C2F2004004A9FDF718FD77
:10C7100018B1FFE7F5F724FEFFE700200190039032
:10C7200042F23010C2F2004001A9FDF7F5FA18B14B
:10C73000FFE7F5F715FEFFE708B080BD0000000039
:10C7400080B588B000210091079106910591049170
:10C7500003910291019142F27C10C2F2004040F636
:10C760000042C4F200020260EF224260816040F2A7
:10C77000E732C26001618161FDF78EFB18B1FFE70E
:10C78000F5F7EEFDFFE74FF48050049042F27C1085
:10C79000C2F2004004A9FDF7D3FC18B1FFE7F5F79A
:10C7A000DFFDFFE700200190039042F27C10C2F20F
:10C7B000004001A9FDF7B0FA18B1FFE7F5F7D0FD89
:10C7C000FFE708B080BD000080B582B042F2F020E3
:10C7D000C2F20040019045F20001C4F20001016084
:10C7E00048F2A061C0F2010141604FF480518160C4
:10C7F0004FF40051C1604FF4806101610421416137
:10C8000000218161C161016241628162FFF7B0F97B
:10C8100018B1FFE7F5F7A4FDFFE742F2F020C2F2FE
:10C8200000400021FEF7ECFD18B1FFE7F5F798FD99
:10C83000FFE742F2F020C2F200400021FEF798FD2F
:10C8400018B1FFE7F5F78CFDFFE742F2F020C2F2E6
:10C850000040FEF745FB18B1FFE7F5F781FDFFE764
:10C8600002B080BD0000000080B582B042F25C20C2
:10C87000C2F20040009041F60041C4F201010160A3
:10C880004FF416514160002101918160C160016146
:10C890000C2242618161C161016241628162FFF7E4
:10C8A00067F918B1FFE7F5F75BFDFFE742F25C209F
:10C8B000C2F200400021FEF7A3FD18B1FFE7F5F733
:10C8C0004FFDFFE742F25C20C2F200400021FEF77C
:10C8D0004FFD18B1FFE7F5F743FDFFE742F25C209B
:10C8E000C2F20040FEF7FCFA18B1FFE7F5F738FD99
:10C8F000FFE702B080BD000080B582B042F2C810F0
:10C90000C2F20040009041F20001C4F20101016056
:10C910004FF4E1314160002101918160C16001610A
:10C920000C2242618161C161016241628162FFF753
:10C930001FF918B1FFE7F5F713FDFFE742F2C81042
:10C94000C2F200400021FEF75BFD18B1FFE7F5F7EA
:10C9500007FDFFE742F2C810C2F200400021FEF7D7
:10C9600007FD18B1FFE7F5F7FBFCFFE742F2C8103F
:10C97000C2F20040FEF7B4FA18B1FFE7F5F7F0FC99
:10C98000FFE702B080BD0000FFE7FEE70000000007
:10C99000FFE7FEE70000000088B0079006910592CF
:10C9A000079800F0070004900498C0F107000528DC
:10C9B00003D3FFE70420019004E00498C0F10700CE
:10C9C0000190FFE70198039004980430062803D8EB
:10C9D000FFE70020009003E0049803380090FFE791
:10C9E0000098029006980399012202FA01F1013998
:10C9F0000840029B984005999A40013A114008432B
:10CA000008B0704700000000704700000000000000
:10CA100080B586B00490039100208DF8070044F2A1
:10CA20002840C5F60200006800F00300032804D186
:10CA3000FFE701208DF81700CBE044F20041C5F676
:10CA40000201086820F080600860FAF74DFC02904F
:10CA5000FFE744F20040C5F60200006800F0006104
:10CA60000020B0EBD16F0CD0FFE7FAF73DFC029944
:10CA7000401A032804D3FFE703208DF81700A8E02D
:10CA8000E7E7FFE744F22841C5F60201086820F411
:10CA90007C30049A126840EA0230086004994868C1
:10CAA000D1F808C0CB680A6901386FF35F204FF6F0
:10CAB0000061CFF6FF7101EB4C2189B208440021DF
:10CAC000CFF6FF7101EB034101F4FE0108444FF082
:10CAD0007F4101EB026101F0FE41084444F238411C
:10CAE000C5F602010860FFE744F22C41C5F60201D9
:10CAF0000091086820F0C000049A52691043086051
:10CB0000086820F02000049A9269104308600868C1
:10CB100020F01000086044F23C42C5F602021068A2
:10CB20004FF6F8739843049BDB6940EAC30010603A
:10CB3000086840F010000860039848B9FFE744F225
:10CB40002C41C5F60201086840F40020086016E098
:10CB50000398012809D1FFE744F22C41C5F60201F0
:10CB6000086840F48010086008E044F22C41C5F6E3
:10CB70000201086840F400100860FFE7FFE744F294
:10CB80000041C5F60201086840F080600860FAF7CD
:10CB9000ABFB0290FFE744F20040C5F602000068DC
:10CBA00000F000610020B0EBD16F0CD1FFE7FAF785
:10CBB0009BFB0299401A032804D3FFE703208DF85A
:10CBC000170006E0E7E7FFE79DF807008DF817007C
:10CBD000FFE79DF8170006B080BD000000000000D0
:10CBE00080B586B00490039100208DF8070044F2D0
:10CBF0002840C5F60200006800F00300032804D1B5
:10CC0000FFE701208DF81700CBE044F20041C5F6A4
:10CC10000201086820F080500860FAF765FB029076
:10CC2000FFE744F20040C5F60200006800F0005142
:10CC30000020B0EB517F0CD0FFE7FAF755FB0299CB
:10CC4000401A032804D3FFE703208DF81700A8E05B
:10CC5000E7E7FFE744F22841C5F60201086820F043
:10CC60007C70049A126840EA02500860049948688F
:10CC7000D1F808C0CB680A6901386FF35F204FF61E
:10CC80000061CFF6FF7101EB4C2189B2084400210D
:10CC9000CFF6FF7101EB034101F4FE0108444FF0B0
:10CCA0007F4101EB026101F0FE41084444F2404142
:10CCB000C5F602010860FFE744F22C41C5F6020107
:10CCC0000091086820F44060049A5269104308609B
:10CCD000086820F40070049A92691043086008689C
:10CCE00020F48070086044F24442C5F602021068E5
:10CCF0004FF6F8739843049BDB6940EAC300106069
:10CD0000086840F480700860039848B9FFE744F26F
:10CD10002C41C5F60201086840F48000086016E066
:10CD20000398012809D1FFE744F22C41C5F602011E
:10CD3000086840F40000086008E044F22C41C5F6A1
:10CD40000201086840F080700860FFE7FFE744F2E6
:10CD50000041C5F60201086840F080500860FAF70B
:10CD6000C3FA0290FFE744F20040C5F602000068F3
:10CD700000F000510020B0EB517F0CD1FFE7FAF733
:10CD8000B3FA0299401A032804D3FFE703208DF871
:10CD9000170006E0E7E7FFE79DF807008DF81700AA
:10CDA000FFE79DF8170006B080BD000000000000FE
:10CDB000704700000000000080B582B0009000982D
:10CDC0000138B0F1807F03D3FFE70120019019E023
:10CDD000009801384EF21401CEF2000108604FF0C5
:10CDE000FF300F2105F0B4FF4EF21801CEF2000122
:10CDF000002008604EF21002CEF2000207211160FE
:10CE00000190FFE7019802B080BD00000000000023
:10CE100080B5FAF771FA80BD80B59EB00BA84C21A1
:10CE2000F3F760FC002001900A90099008900790A9
:10CE300006900590049003900220FAF731FBFFE77B
:10CE40000020029044F61800C5F60200016821F4A3
:10CE500040410160006800F4404002900298FFE702
:10CE6000FFE744F61800C5F60200006800F4005021
:10CE7000B0F5005F01D0FFE7F3E701210B914FF41C
:10CE800080300C9002201490159016902822179252
:10CE90001891042119911A900C201B9000201C90CD
:10CEA0001D900BA8FCF714FA18B1FFE7F5F758FA34
:10CEB000FFE73F2003900321049100200590082004
:10CEC00006904020079008904FF4806209920A90E3
:10CED00003A8FBF7DDFD18B1FFE7F5F741FAFFE71F
:10CEE0001EB080BD000000004EF68851CEF2000159
:10CEF000086840F47000086042F20000C5F20020AB
:10CF0000006800F00F0006280AD8FFE742F200018F
:10CF1000C5F200210868072262F303000860FFE7FA
:10CF200044F20041C5F60201086840F001000860C3
:10CF300044F21042C5F602020020106008684EF666
:10CF40007F52CEF6F6221040086042F20000C5F291
:10CF50000020006800F00F0008280AD3FFE742F223
:10CF60000001C5F200210868072262F3030008608F
:10CF7000FFE744F21841C5F602010020086044F2C0
:10CF80001C41C5F60201086044F22041C5F60201C9
:10CF9000086044F22842C5F6020240F20021C0F2C5
:10CFA0000221116044F22C42C5F602020021C0F2B7
:10CFB000FF11116044F23042C5F6020240F28021B6
:10CFC000C0F20111116044F23442C5F60202106051
:10CFD00044F23842C5F60202116044F23C42C5F602
:10CFE0000202106044F24042C5F60202116044F2AF
:10CFF0004441C5F60201086044F20042C5F602024F
:10D00000116821F48021116044F26041C5F60201EB
:10D01000086044F20001C5F2002143F2D20008602A
:10D02000704700000000000080B542F29800C2F294
:10D030000040FDF771F980BD80B542F23010C2F2B8
:10D040000040FDF769F980BD80B542F27C10C2F264
:10D050000040FDF761F980BD83B002900191029814
:10D060000068009002980021C4F20101884225D096
:10D07000FFE70298B0F1804F20D0FFE7029840F21E
:10D080000041C4F20001884218D0FFE7029840F640
:10D090000001C4F20001884210D0FFE7029840F678
:10D0A0000041C4F20001884208D0FFE7029840F234
:10D0B0000041C4F2010188420AD1FFE7009820F044
:10D0C0007000009001984168009808430090FFE7C5
:10D0D00002980021C4F2010188424DD0FFE7029876
:10D0E000B0F1804F48D0FFE7029840F20041C4F20F
:10D0F0000001884240D0FFE7029840F60001C4F2E8
:10D100000001884238D0FFE7029840F60041C4F29F
:10D110000001884230D0FFE7029840F20041C4F29B
:10D120000101884228D0FFE7029844F20001C4F2CE
:10D130000101884220D0FFE7029844F20041C4F286
:10D140000101884218D0FFE7029844F60001C4F2BA
:10D150000101884210D0FFE702984EF20001C4F2AC
:10D160000001884208D0FFE702984EF20041C4F265
:10D17000000188420AD1FFE7009820F44070009037
:10D180000198C168009808430090FFE7009820F0DC
:10D19000800001994969084300900098029908604D
:10D1A000019880680299C8620198006802998862B3
:10D1B00002980021C4F20101884220D0FFE70298C2
:10D1C00040F20041C4F20101884218D0FFE7029802
:10D1D00044F20001C4F20101884210D0FFE7029836
:10D1E00044F20041C4F20101884208D0FFE70298EE
:10D1F00044F60001C4F20101884205D1FFE701981D
:10D20000006902990863FFE70299012048610298CA
:10D210000069C00730B1FFE70299086920F00100FA
:10D220000861FFE703B0704784B003900291019258
:10D23000029800F01F01012088400090009A039995
:10D24000086A904308620198029901F01F0100FAF0
:10D2500001F20399086A1043086204B070470000A5
:10D2600085B0049003910292019304988068009025
:10D27000009820F47F40009003980299019A41EAB7
:10D2800002210143009808430090009804998860A7
:10D2900005B070470000000083B002900191029831
:10D2A0008068009000984FF68F71CFF6CF710840DC
:10D2B000009001980099084340F007000090009802
:10D2C0000299886003B0704785B004900391049878
:10D2D000006A01900499086A20F00100086204982D
:10D2E0004068009004988069029002984FF68F7110
:10D2F000CFF6FE7108400290029820F003000290E1
:10D3000003980168029808430290019820F00200F7
:10D3100001900398816801980843019004980021C6
:10D32000C4F20101884220D0FFE7049840F2004196
:10D33000C4F20101884218D0FFE7049844F20001CA
:10D34000C4F20101884210D0FFE7049844F2004182
:10D35000C4F20101884208D0FFE7049844F60001B6
:10D36000C4F2010188420ED1FFE7019820F00800C5
:10D3700001900398C168019808430190019820F03A
:10D3800004000190FFE704980021C4F201018842E3
:10D3900020D0FFE7049840F20041C4F20101884226
:10D3A00018D0FFE7049844F20001C4F2010188425A
:10D3B00010D0FFE7049844F20041C4F20101884212
:10D3C00008D0FFE7049844F60001C4F20101884246
:10D3D00013D1FFE7009820F480700090009820F4AB
:10D3E00000700090039841690098084300900398EA
:10D3F0008169009808430090FFE70098049948600D
:10D4000002980499886103984068049948630198D8
:10D410000499086205B0704785B0049003910498A0
:10D42000006A01900499086A20F0100008620498CC
:10D4300040680090049880690290029848F6FF7155
:10D44000CFF6FF6108400290029820F440700290ED
:10D4500003980168029840EA01200290019820F0A8
:10D460002000019003988168019840EA0110019022
:10D4700004980021C4F20101884229D0FFE70498F2
:10D4800040F20041C4F20101884221D0FFE7049834
:10D4900044F20001C4F20101884203D1FFE70020F9
:10D4A000B0B9FFE7049844F20041C4F20101884298
:10D4B00003D1FFE7002058B9FFE7049844F60001C4
:10D4C000C4F20101884212D1FFE7012078B9FFE7D9
:10D4D000019820F0800001900398C168019840EA0B
:10D4E00001100190019820F040000190FFE704989E
:10D4F0000021C4F20101884220D0FFE7049840F2E5
:10D500000041C4F20101884218D0FFE7049844F2B8
:10D510000001C4F20101884210D0FFE7049844F2F0
:10D520000041C4F20101884208D0FFE7049844F6A4
:10D530000001C4F20101884215D1FFE7009820F4F0
:10D5400080600090009820F400600090039841698A
:10D55000009840EA8100009003988169009840EAB1
:10D5600081000090FFE700980499486002980499B0
:10D570008861039840680499886301980499086257
:10D5800005B070470000000085B004900391049836
:10D59000006A01900499086A20F480700862049877
:10D5A000406800900498C069029002984FF68F710D
:10D5B000CFF6FE7108400290029820F0030002901E
:10D5C00003980168029808430290019820F40070C3
:10D5D000019003988168019840EA01200190049825
:10D5E0000021C4F20101884229D0FFE7049840F2EB
:10D5F0000041C4F20101884221D0FFE7049844F2BF
:10D600000001C4F20101884203D1FFE70020B0B954
:10D61000FFE7049844F20041C4F20101884203D1BB
:10D62000FFE7002058B9FFE7049844F60001C4F270
:10D630000101884212D1FFE7012078B9FFE7019884
:10D6400020F4006001900398C168019840EA01202D
:10D650000190019820F480600190FFE70498002178
:10D66000C4F20101884220D0FFE7049840F2004153
:10D67000C4F20101884218D0FFE7049844F2000187
:10D68000C4F20101884210D0FFE7049844F200413F
:10D69000C4F20101884208D0FFE7049844F6000173
:10D6A000C4F20101884215D1FFE7009820F48050B0
:10D6B0000090009820F40050009003984169009871
:10D6C00040EA0110009003988169009840EA011037
:10D6D0000090FFE700980499486002980499C86197
:10D6E000039840680499C86301980499086205B0DA
:10D6F000704700000000000085B00490039104987A
:10D70000006A01900499086A20F480500862049825
:10D71000406800900498C0690290029848F6FF7132
:10D72000CFF6FF6108400290029820F4407002900A
:10D7300003980168029840EA01200290019820F4C1
:10D740000050019003988168019840EA01300190EF
:10D7500004980021C4F20101884220D0FFE7049818
:10D7600040F20041C4F20101884218D0FFE704985A
:10D7700044F20001C4F20101884210D0FFE704988E
:10D7800044F20041C4F20101884208D0FFE7049846
:10D7900044F60001C4F2010188420BD1FFE7009872
:10D7A00020F48040009003984169009840EA81107D
:10D7B0000090FFE700980499486002980499C861B6
:10D7C000039840680499086401980499086205B0B8
:10D7D000704700000000000085B004900391049899
:10D7E000006A01900499086A20F480300862049865
:10D7F000406800900498406D029002984FF68F7137
:10D80000CFF6FE7108400290039801680298084321
:10D810000290019820F400300190039881680198EB
:10D8200040EA0140019004980021C4F201018842BD
:10D8300020D0FFE7049840F20041C4F20101884281
:10D8400018D0FFE7049844F20001C4F201018842B5
:10D8500010D0FFE7049844F20041C4F2010188426D
:10D8600008D0FFE7049844F60001C4F201018842A1
:10D870000BD1FFE7009820F48030009003984169B5
:10D88000009840EA01200090FFE700980499486062
:10D89000029804994865039840680499886501983E
:10D8A0000499086205B0704785B00490039104980C
:10D8B000006A01900499086A20F4801008620498B4
:10D8C000406800900498406D0290029848F6FF71FD
:10D8D000CFF6FF610840029003980168029840EA81
:10D8E00001200290019820F40010019003988168B3
:10D8F000019840EA0150019004980021C4F201010E
:10D90000884220D0FFE7049840F20041C4F20101B0
:10D91000884218D0FFE7049844F20001C4F20101E4
:10D92000884210D0FFE7049844F20041C4F201019C
:10D93000884208D0FFE7049844F60001C4F20101D0
:10D9400088420BD1FFE7009820F4802000900398D4
:10D950004169009840EA81200090FFE7009804990F
:10D960004860029804994865039840680499C8651E
:10D9700001980499086205B070470000000000009B
:10D9800085B00490039102920498006A0090049973
:10D99000086A20F0010008620498806901900198EB
:10D9A00020F0F00001900299019840EA01100190E6
:10D9B000009820F00A000090039900980843009016
:10D9C00001980499886100980499086205B070472D
:10D9D00085B00490039102920498006A0090049923
:10D9E000086A20F01000086204988069019001988C
:10D9F00020F4704001900299019840EA01300190B2
:10DA0000009820F0A00000900399009840EA0110CF
:10DA1000009001980499886100980499086205B003
:10DA2000704700000000000080B584B002F028F9C3
:10DA30000420DFED330AB0EE600A02F0F1F841F69F
:10DA40006C60C2F200404FF6B111C0F6000101F067
:10DA500087FA41F60C70C2F200404FF63121C0F651
:10DA6000000101F07DFA42F2C810C2F2004000212C
:10DA7000802202F075FA42F2F020C2F200404FF22A
:10DA8000D171C0F60001402202F06AFA42F2980019
:10DA9000C2F2004001904FF60931C0F6000102F0D9
:10DAA0002FF942F23010C2F2004002904FF6A1214D
:10DAB000C0F6000102F024F942F27C10C2F20040EC
:10DAC00003904FF6E901C0F6000102F019F941F2A6
:10DAD000B860C2F200409FED0B0A03F0E9FD019827
:10DAE000FCF79AFA0298FCF797FA0398FCF794FA75
:10DAF00042F28431C2F200410120087004B080BDBE
:10DB0000000000008FC2F53C7047000000000000DC
:10DB100080B542F2F020C2F20040FDF7C5FC80BDA6
:10DB200082B001900198406E40B9FFE70199012051
:10DB3000A1F86A000199A1F8680032E010208DF880
:10DB400003008DF80200019800688068C0F342600D
:10DB50008DF80100019800688068400F8DF8000082
:10DB60009DF802009DF8002043F63403C0F601033F
:10DB7000995C484343F62C01C0F601018A5CB0FB76
:10DB8000F2F0019AA2F86A009DF803009DF80120C6
:10DB90009B5C5843895CB0FBF1F00199A1F86800E7
:10DBA000FFE702B07047000081B00090009890F845
:10DBB0002800000700280BD5FFE7009800684068A0
:10DBC00020F40040009A1168926B10434860FFE710
:10DBD000009890F82800C00758B1FFE70098006847
:10DBE000406820F40030009A1168D26A10434860FF
:10DBF000FFE7009890F82800800700280BD5FFE782
:10DC000000980068406820F48030009A1168126B18
:10DC100010434860FFE7009890F82800400700286C
:10DC20000BD5FFE700980068406820F48020009A38
:10DC30001168526B10434860FFE7009890F8280085
:10DC4000C00600280BD5FFE700980068806820F424
:10DC50008050009A1168D26B10438860FFE70098EB
:10DC600090F82800800600280BD5FFE70098006890
:10DC7000806820F40050009A1168126C104388608C
:10DC8000FFE7009890F82800400600281CD5FFE721
:10DC900000980068406820F48010009A1168526C67
:10DCA000104348600098406CB0F5801F0BD1FFE72F
:10DCB00000980068406820F4C000009A1168926CD7
:10DCC00010434860FFE7FFE7009890F8280000063F
:10DCD00000280BD5FFE700980068406820F400207A
:10DCE000009A1168D26C10434860FFE701B070479A
:10DCF00080B588B0069006990020C1F89000F9F729
:10DD0000F3FA0590069800680068000700282FD5F0
:10DD1000FFE70698059B6A466FF07E4111604FF45D
:10DD20000011002201F024F808B3FFE7FFE7FFE746
:10DD30000698006850E8000F20F080000490FFE78C
:10DD400004990698026842E800100028F0D1FFE725
:10DD5000FFE706992020C1F88800FFE70699002018
:10DD600081F88400FFE703208DF81F005FE0FFE7E4
:10DD70000698006800684007002842D5FFE706982B
:10DD8000059B6A466FF07E4111604FF480010022CE
:10DD900000F0EEFFA0B3FFE7FFE7FFE7069800689B
:10DDA00050E8000F20F490700390FFE70399069865
:10DDB000026842E800100028F0D1FFE7FFE7FFE724
:10DDC000FFE70698006850E8020F20F0010002907B
:10DDD000FFE702990698026842E802100028F0D195
:10DDE000FFE7FFE706992020C1F88C00FFE70699BE
:10DDF000002081F88400FFE703208DF81F0016E063
:10DE0000FFE706992020C1F888000699C1F88C0028
:10DE100006990020C86606990867FFE70699002062
:10DE200081F88400FFE700208DF81F00FFE79DF8D0
:10DE30001F0008B080BD000080B582B0019001983D
:10DE4000806B009000990020A1F85E000099A1F875
:10DE500056000098FDF724FB02B080BD00000000D2
:10DE600080B584B003900398806B02900298D0F83C
:10DE7000880001900298D0F88C0000900298006809
:10DE80008068000600280CD5FFE70198212808D1FA
:10DE9000FFE702990020A1F85600029800F078F9F7
:10DEA000FFE7029800688068400600280CD5FFE76D
:10DEB0000098222808D1FFE702990020A1F85E000F
:10DEC000029800F0F1F8FFE70299D1F8900040F0D5
:10DED0001000C1F890000298FDF7E2FA04B080BD8E
:10DEE00080B586B005900598806B04900598C06950
:10DEF000B0F5807F5BD0FFE704990020A1F85E00B9
:10DF0000FFE7FFE70498006850E8000F20F48070F6
:10DF10000390FFE703990498026842E80010002884
:10DF2000F0D1FFE7FFE7FFE7FFE70498006850E85C
:10DF3000020F20F001000290FFE7029904980268A6
:10DF400042E802100028F0D1FFE7FFE7FFE7FFE714
:10DF50000498006850E8020F20F040000190FFE7AD
:10DF600001990498026842E802100028F0D1FFE706
:10DF7000FFE704992020C1F88C000498C06E0128A6
:10DF800014D1FFE7FFE7FFE70498006850E8000FAF
:10DF900020F010000090FFE700990498026842E822
:10DFA00000100028F0D1FFE7FFE7FFE7FFE7049943
:10DFB000002008670498C06E012806D1FFE7049886
:10DFC000B0F85C10FDF724F803E00498FEF730F891
:10DFD000FFE706B080BD000080B582B001900198D7
:10DFE000806B00900099012008670098C06E01289E
:10DFF00007D1FFE70098B0F85C104908FDF708F872
:10E0000003E00098FEF718F8FFE702B080BD0000BB
:10E0100080B584B003900398806B02900398C06928
:10E02000B0F5807F2BD0FFE702990020A1F85600C1
:10E03000FFE7FFE70298006850E8020F20F0800039
:10E040000190FFE701990298026842E80210002857
:10E05000F0D1FFE7FFE7FFE7FFE70298006850E82D
:10E06000000F40F040000090FFE70099029802681E
:10E0700042E800100028F0D1FFE7FFE703E0029834
:10E08000FEF762F8FFE704B080BD0000000000006A
:10E0900080B582B001900198806B00900098FEF7E7
:10E0A00057F802B080BD000084B00390FFE7FFE79F
:10E0B0000398006850E8000F20F490700290FFE78A
:10E0C00002990398026842E800100028F0D1FFE7A7
:10E0D000FFE7FFE7FFE70398006850E8020F4FF6FD
:10E0E000FE71CEF6FF7108400190FFE70199039899
:10E0F000026842E802100028EDD1FFE7FFE703982D
:10E10000C06E012814D1FFE7FFE7FFE7039800681E
:10E1100050E8000F20F010000090FFE700990398EE
:10E12000026842E800100028F0D1FFE7FFE7FFE7B0
:10E1300003992020C1F88C0003990020C866039938
:10E14000486704B07047000080B582B00190FFE7D7
:10E15000FFE70198006850E8000F20F040000090B1
:10E16000FFE700990198026842E800100028F0D10A
:10E17000FFE7FFE701992020C1F8880001990020FE
:10E1800088670198FDF7E0FF02B080BD0000000045
:10E1900083B00290FFE7FFE70298006850E8000FA5
:10E1A00020F0C0000190FFE701990298026842E860
:10E1B00000100028F0D1FFE7FFE7FFE7FFE7029834
:10E1C000006850E8020F20F400000090FFE700997B
:10E1D0000298026842E802100028F0D1FFE7FFE74A
:10E1E00002992020C1F8880003B0704700000000A9
:10E1F00080B59EB01D9000208DF867001D980068C6
:10E2000040F60041C5F60001884201D1FFE700E079
:10E21000FFE71D9988680B694A69C969184310436B
:10E2200008431C901D980068006846F6F311CCF670
:10E23000FF7108401C9908431D99096808601D98E2
:10E240000068406820F440501D9A1168D26810435D
:10E2500048601D9880691C901D98006840F6004138
:10E26000C5F60001884206D0FFE71D98016A1C9898
:10E2700008431C90FFE71D98006880684FF2FF413B
:10E28000C1F2FF1108401C9908431D990968886074
:10E290001D980068C06A20F00F001D9A1168526A2C
:10E2A0001043C862FFE71D98006841F20001C4F204
:10E2B0000101884240F04180FFE744F25440C5F636
:10E2C0000200006800F038000146109128282FD87D
:10E2D0001099DFE801F0152D2D2D2D2D2D2D192D47
:10E2E0002D2D2D2D2D2D1D2D2D2D2D2D2D2D212D7A
:10E2F0002D2D2D2D2D2D252D2D2D2D2D2D2D290087
:10E3000001208DF86D0017E004208DF86D0013E0FA
:10E3100008208DF86D000FE010208DF86D000BE0E7
:10E3200020208DF86D0007E040208DF86D0003E09F
:10E3300080208DF86D00FFE76CE21D98006844F2C4
:10E340000041C4F2000188422ED1FFE744F254405C
:10E35000C5F60200006800F0070001460F9105288D
:10E360001DD80F99DFE801F003070B0F13170020EA
:10E370008DF86D0017E004208DF86D0013E0082083
:10E380008DF86D000FE010208DF86D000BE020205F
:10E390008DF86D0007E040208DF86D0003E08020CF
:10E3A0008DF86D00FFE734E21D98006844F6000127
:10E3B000C4F2000188422ED1FFE744F25440C5F672
:10E3C0000200006800F0070001460E9105281DD8E4
:10E3D0000E99DFE801F003070B0F131700208DF8EB
:10E3E0006D0017E004208DF86D0013E008208DF813
:10E3F0006D000FE010208DF86D000BE020208DF8EF
:10E400006D0007E040208DF86D0003E080208DF85E
:10E410006D00FFE7FCE11D98006844F60041C4F27E
:10E42000000188422ED1FFE744F25440C5F60200B5
:10E43000006800F0070001460D9105281DD80D99D0
:10E44000DFE801F003070B0F131700208DF86D00B4
:10E4500017E004208DF86D0013E008208DF86D00A2
:10E460000FE010208DF86D000BE020208DF86D007E
:10E4700007E040208DF86D0003E080208DF86D00EE
:10E48000FFE7C4E11D98006845F20001C4F20001F5
:10E4900088422ED1FFE744F25440C5F602000068DE
:10E4A00000F0070001460C9105281DD80C99DFE803
:10E4B00001F003070B0F131700208DF86D0017E014
:10E4C00004208DF86D0013E008208DF86D000FE03A
:10E4D00010208DF86D000BE020208DF86D0007E016
:10E4E00040208DF86D0003E080208DF86D00FFE77F
:10E4F0008CE11D98006841F20041C4F2010188429C
:10E5000040F04180FFE744F25440C5F60200006845
:10E5100000F0380001460B9128282FD80B99DFE82E
:10E5200001F0152D2D2D2D2D2D2D192D2D2D2D2DB0
:10E530002D2D1D2D2D2D2D2D2D2D212D2D2D2D2D27
:10E540002D2D252D2D2D2D2D2D2D290001208DF842
:10E550006D0017E004208DF86D0013E008208DF8A1
:10E560006D000FE010208DF86D000BE020208DF87D
:10E570006D0007E040208DF86D0003E080208DF8ED
:10E580006D00FFE741E11D98006847F60001C4F205
:10E59000000188422ED1FFE744F25440C5F6020044
:10E5A000006800F0070001460A9105281DD80A9965
:10E5B000DFE801F003070B0F131700208DF86D0043
:10E5C00017E004208DF86D0013E008208DF86D0031
:10E5D0000FE010208DF86D000BE020208DF86D000D
:10E5E00007E040208DF86D0003E080208DF86D007D
:10E5F000FFE709E11D98006847F60041C4F20001F9
:10E6000088422ED1FFE744F25440C5F6020000686C
:10E6100000F007000146099105281DD80999DFE897
:10E6200001F003070B0F131700208DF86D0017E0A2
:10E6300004208DF86D0013E008208DF86D000FE0C8
:10E6400010208DF86D000BE020208DF86D0007E0A4
:10E6500040208DF86D0003E080208DF86D00FFE70D
:10E66000D1E01D98006841F60001C4F20101884222
:10E6700040F04180FFE744F25440C5F602000068D4
:10E6800000F038000146089128282FD80899DFE8C3
:10E6900001F0152D2D2D2D2D2D2D192D2D2D2D2D3F
:10E6A0002D2D1D2D2D2D2D2D2D2D212D2D2D2D2DB6
:10E6B0002D2D252D2D2D2D2D2D2D290001208DF8D1
:10E6C0006D0017E004208DF86D0013E008208DF830
:10E6D0006D000FE010208DF86D000BE020208DF80C
:10E6E0006D0007E040208DF86D0003E080208DF87C
:10E6F0006D00FFE786E01D98006841F60041C4F216
:10E700000101884240F04180FFE744F25440C5F6E1
:10E710000200006800F038000146079128282FD831
:10E720000799DFE801F0152D2D2D2D2D2D2D192DFB
:10E730002D2D2D2D2D2D1D2D2D2D2D2D2D2D212D25
:10E740002D2D2D2D2D2D252D2D2D2D2D2D2D290032
:10E7500001208DF86D0017E004208DF86D0013E0A6
:10E7600008208DF86D000FE010208DF86D000BE093
:10E7700020208DF86D0007E040208DF86D0003E04B
:10E7800080208DF86D00FFE73BE01D98006840F6A3
:10E790000041C5F6000188422ED1FFE744F25840FF
:10E7A000C5F60200006800F0070001460691052842
:10E7B0001DD80699DFE801F003070B0F131702209D
:10E7C0008DF86D0017E004208DF86D0013E008202F
:10E7D0008DF86D000FE010208DF86D000BE020200B
:10E7E0008DF86D0007E040208DF86D0003E080207B
:10E7F0008DF86D00FFE703E080208DF86D00FFE7E6
:10E80000FFE7FFE7FFE7FFE7FFE7FFE7FFE7FFE7D8
:10E81000FFE7FFE7FFE71D98006840F60041C5F6F7
:10E820000001884240F0B480FFE79DF86D0001468A
:10E830000591022814D0FFE70598042814D0FFE7BB
:10E840000598082816D0FFE70598102818D0FFE78C
:10E850000598202835D0FFE70598402837D03AE0C2
:10E86000F8F772FE11903CE015A8F8F781FE1698B3
:10E87000119036E012A8F8F7C7FF1398119030E016
:10E8800044F20040C5F60200006800F020010020BC
:10E89000B0EB511F0ED0FFE744F20040C5F6020076
:10E8A0000068C0F3C10149F20000C0F2D030C84096
:10E8B000119005E049F20000C0F2D0301190FFE75E
:10E8C0000FE040F60010C0F23D00119009E04FF457
:10E8D0000040119005E00020119001208DF86700A4
:10E8E000FFE71198002852D0FFE711981D994A6A56
:10E8F00043F63C01C0F6010131F81210B0FBF1F013
:10E90000189018981D99496801EB4101884207D376
:10E91000FFE718981D994968B0EB013F04D9FFE75C
:10E9200001208DF8670031E011981D994A68039223
:10E930004A6A43F63C01C0F6010131F81220002377
:10E9400004931946F1F7A0FD039A049B090241EADA
:10E950001061000210EB520041F10001F1F794FD4B
:10E960001A901A98B0F5407F0BD3FFE71A99002050
:10E97000B0EB115F05D1FFE71A981D990968C860CF
:10E9800003E001208DF86700FFE7FFE7FFE746E1BE
:10E990001D98C069B0F5004F40F0A880FFE79DF8D2
:10E9A0006D0001460291402800F263800299DFE881
:10E9B00001F021256060296060602F606060606008
:10E9C0006060356060606060606060606060606072
:10E9D0006060566060606060606060606060606041
:10E9E0006060606060606060606060606060606027
:10E9F00060605C00FAF7C4FA119040E0FAF7D4FACC
:10EA000011903CE015A8F8F7B3FD1698119036E088
:10EA100012A8F8F7F9FE1398119030E044F2004084
:10EA2000C5F60200006800F020010020B0EB511F85
:10EA30000ED0FFE744F20040C5F602000068C0F3C4
:10EA4000C10149F20000C0F2D030C840119005E089
:10EA500049F20000C0F2D0301190FFE70FE040F61D
:10EA60000010C0F23D00119009E04FF400401190F9
:10EA700005E00020119001208DF86700FFE7119854
:10EA800098B3FFE711981D9A5168536A43F63C0208
:10EA9000C0F6010232F81320B0FBF2F0400000EBA8
:10EAA0005100B0FBF1F01A901A98102818D3FFE724
:10EAB000BDF86A00A0B9FFE71A9820F00F00ADF882
:10EAC0006E001A9800F00E01BDF86E0040EA510089
:10EAD000ADF86E00BDF86E001D990968C86003E0CE
:10EAE00001208DF86700FFE7FFE797E09DF86D00D4
:10EAF00001460191402800F263800199DFE801F0AE
:10EB000021256060296060602F60606060606060E7
:10EB10003560606060606060606060606060606020
:10EB200056606060606060606060606060606060EF
:10EB300060606060606060606060606060606060D5
:10EB40005C00FAF71DFA119040E0FAF72DFA1190E7
:10EB50003CE015A8F8F70CFD1698119036E012A8C5
:10EB6000F8F752FE1398119030E044F20040C5F6D9
:10EB70000200006800F020010020B0EB511F0ED011
:10EB8000FFE744F20040C5F602000068C0F3C1018F
:10EB900049F20000C0F2D030C840119005E049F2BF
:10EBA0000000C0F2D0301190FFE70FE040F60010F7
:10EBB000C0F23D00119009E04FF40040119005E0D3
:10EBC0000020119001208DF86700FFE7119820B315
:10EBD000FFE711981D9A5168536A43F63C02C0F64C
:10EBE000010232F81320B0FBF2F000EB5100B0FB51
:10EBF000F1F01A901A9810280AD3FFE7BDF86A00BE
:10EC000030B9FFE7BDF868001D990968C86003E0E6
:10EC100001208DF86700FFE7FFE7FFE7FFE71D9999
:10EC20000120A1F86A001D99A1F868001D99002033
:10EC300048671D9988679DF867001EB080BD000079
:10EC400080B588B006900591ADF812200598069918
:10EC50008865BDF812000699A1F85C0006990020AD
:10EC6000C1F8900006992220C1F88C000698D0F8CF
:10EC70008000B0B3FFE70698D0F880104DF6E16051
:10EC8000C0F60000C8630698D0F880104DF6D97021
:10EC9000C0F6000008640698D0F880104DF6616058
:10ECA000C0F60000C8640698D0F8801000200865FF
:10ECB00006980168826DD0F880002431BDF81230CA
:10ECC000F6F7DAFA60B1FFE706991020C1F8900074
:10ECD00006992020C1F88C0001208DF81F0042E029
:10ECE000FFE706980069A0B1FFE7FFE7FFE7069896
:10ECF000006850E8000F40F480700390FFE703992C
:10ED00000698026842E800100028F0D1FFE7FFE70C
:10ED1000FFE7FFE7FFE70698006850E8020F40F0C2
:10ED200001000290FFE702990698026842E802108B
:10ED30000028F0D1FFE7FFE7FFE7FFE7069800684C
:10ED400050E8020F40F040000190FFE7019906985B
:10ED5000026842E802100028F0D1FFE7FFE7002038
:10ED60008DF81F00FFE79DF81F0008B080BD000070
:10ED700080B586B0DDF820C0049003918DF80B209B
:10ED80000193FFE704980068C06903990840401A9E
:10ED9000B0FA80F040099DF80B10884266D1FFE779
:10EDA00008980130002860D0FFE7F8F79DFA019934
:10EDB000401A0899884203D8FFE7089820B9FFE76E
:10EDC00003208DF8170055E004980068006840079C
:10EDD000002849D5FFE70398802845D0FFE703982E
:10EDE000402841D0FFE704980068C06900F008019E
:10EDF0000120B0EBD10F16D1FFE70498016808207D
:10EE0000009008620498FFF74FF900980499C1F840
:10EE10009000FFE70499002081F88400FFE70120BB
:10EE20008DF8170026E004980068C06900F40061BE
:10EE30000120B0EBD12F16D1FFE7049801684FF401
:10EE4000006008620498FFF72FF904992020C1F8A8
:10EE50009000FFE70499002081F88400FFE7032079
:10EE60008DF8170006E0FFE7FFE78BE700208DF83D
:10EE70001700FFE79DF8170006B080BD00000000F6
:10EE800080B542F25C20C2F20040FCF70DFB80BD71
:10EE900080B542F2C810C2F20040FCF705FB80BD0D
:10EEA000FFE7FEE70000000080B503F095FF80BD9E
:10EEB00080B586B0FAF78CF80590059808B9FFE799
:10EEC0004CE041F20400CEF2000000680490049887
:10EED00041F2A062C2F200421168401A0390DDF8CC
:10EEE0000CC041F2A861C2F2004100910B68486871
:10EEF00013EB0C0340F100000B60486004981060B5
:10EF000008684968059A00230193F1F7BDFA009952
:10EF1000019B40F29C12C2F200420292106008680B
:10EF20004968059A44F6D35CC1F2620CA2FB0CC29C
:10EF30009209F1F7A9FA0099019B029A50600868BA
:10EF40004968059A4DF6836CC4F21B3CA2FB0CC2C7
:10EF5000920CF1F799FA02998860FFE706B080BD3C
:10EF600080B586B005900491059800684AF20001CA
:10EF7000C4F20001884216D1FFE7059840F29C01D7
:10EF8000C2F2004108600498486305980023039387
:10EF900019461A4600F0BCFD039B05980E211A463F
:10EFA00000F0B6FD3FE0059800684AF20041C4F267
:10EFB0000001884216D1FFE7059840F2FC01C2F239
:10EFC000004108600498486305980023029319469D
:10EFD0001A4600F09DFD029B05980E211A4600F08E
:10EFE00097FD1FE0059800684DF20041C4F2000152
:10EFF000884216D1FFE7059840F25C11C2F2004149
:10F0000008600498486305980023019319461A463E
:10F0100000F07EFD019B05980E211A4600F078FD58
:10F02000FFE7FFE7FFE70598F7F7E2FE06B080BDD0
:10F0300080B582B08DF807009DF8072040F60000EB
:10F04000C5F602004FF40041F8F736F902B080BD72
:10F0500080B582B08DF807009DF8072040F60000CB
:10F06000C5F602004FF40051F8F726F902B080BD52
:10F0700080B582B08DF807009DF8072040F60000AB
:10F08000C5F602004FF48041F8F716F902B080BDD2
:10F0900083B002908DED010ACDED000A029890ED4B
:10F0A000000A9DED011AB4EE410AF1EE10FA04DAFD
:10F0B000FFE70198029908600FE0029890ED000ABE
:10F0C0009DED001AB4EE410AF1EE10FA04DDFFE7FF
:10F0D000009802990860FFE7FFE7029890ED000AA8
:10F0E00003B070470000000080B58EB084461098D1
:10F0F000CDF834C00C910B928DF82B308DF82A008E
:10F100000C9801909DF82B0018B9FFE700200290A1
:10F1100009E09DF82B00012804D1FFE74FF0804063
:10F120000290FFE7FFE7002003909DF82A000138D6
:10F130000146009107281ED80099DFE801F0040776
:10F140000A0D101316190120049014E002200490F7
:10F1500011E0032004900EE0042004900BE0052051
:10F16000049008E00620049005E00720049002E0E7
:10F1700008200490FFE70020059006900790089073
:10F1800009900D980B9A01A9F6F77AFC0EB080BD94
:10F1900086B08DED050ACDED040A8DED031ACDED97
:10F1A000021A8DED012ACDED002A9DED050A9DED97
:10F1B000012A20EE021A9DED003A9DED040A20EE90
:10F1C000030A20EE030AA1EE030A9DED031A21EEC5
:10F1D000021AA1EE020A9DED021A30EE010A06B0F3
:10F1E000704700000000000086B005908DF81310F5
:10F1F0008DF81220059841F66C61C2F200418842F8
:10F2000040F0D980FFE79DF81300013801460291D4
:10F210000A2800F2CF800299DFE801F0060C131AE9
:10F220002138516A839AB30040F28200C2F2004052
:10F230000390BFE040F28200C2F20040023003902F
:10F24000B8E040F28200C2F2004004300390B1E026
:10F2500040F28200C2F2004006300390AAE09DF81E
:10F26000120030B9FFE740F27A00C2F2004003908A
:10F270000BE09DF81200012806D1FFE740F2720072
:10F28000C2F200400390FFE7FFE793E09DF8120011
:10F2900038B9FFE740F27A00C2F200400230039032
:10F2A0000CE09DF81200012807D1FFE740F2720040
:10F2B000C2F2004002300390FFE7FFE77AE09DF8DA
:10F2C000120038B9FFE740F27A00C2F20040043081
:10F2D00003900CE09DF81200012807D1FFE740F2EF
:10F2E0007200C2F2004004300390FFE7FFE761E0E4
:10F2F0009DF8120038B9FFE740F27A00C2F20040F0
:10F30000063003900CE09DF81200012807D1FFE7BA
:10F3100040F27200C2F2004006300390FFE7FFE7C0
:10F3200048E09DF8120030B9FFE740F29200C2F2C7
:10F33000004003900BE09DF81200012806D1FFE782
:10F3400040F28A00C2F200400390FFE7FFE731E09D
:10F350009DF8120038B9FFE740F29200C2F2004077
:10F36000023003900CE09DF81200012807D1FFE75E
:10F3700040F28A00C2F2004002300390FFE7FFE74C
:10F3800018E09DF8120038B9FFE740F29200C2F28F
:10F390000040043003900CE09DF81200012807D1D2
:10F3A000FFE740F28A00C2F2004004300390FFE71A
:10F3B000FFE7FFE7C3E1059841F60C71C2F2004197
:10F3C000884240F0D980FFE79DF8130001380146DC
:10F3D00001910A2800F2CF800199DFE801F0060CC4
:10F3E000131A2138516A839AB30040F2E400C2F242
:10F3F00000400390BFE040F2E400C2F2004002305F
:10F400000390B8E040F2E400C2F200400430039000
:10F41000B1E040F2E400C2F2004006300390AAE0FE
:10F420009DF8120030B9FFE740F2DC00C2F2004064
:10F4300003900BE09DF81200012806D1FFE740F28F
:10F44000D400C2F200400390FFE7FFE793E09DF88D
:10F45000120038B9FFE740F2DC00C2F2004002308F
:10F4600003900CE09DF81200012807D1FFE740F25D
:10F47000D400C2F2004002300390FFE7FFE77AE0D9
:10F480009DF8120038B9FFE740F2DC00C2F20040FC
:10F49000043003900CE09DF81200012807D1FFE72B
:10F4A00040F2D400C2F2004004300390FFE7FFE7CF
:10F4B00061E09DF8120038B9FFE740F2DC00C2F2CB
:10F4C0000040063003900CE09DF81200012807D19F
:10F4D000FFE740F2D400C2F2004006300390FFE79D
:10F4E000FFE748E09DF8120030B9FFE740F2F40072
:10F4F000C2F2004003900BE09DF81200012806D1F3
:10F50000FFE740F2EC00C2F200400390FFE7FFE7A4
:10F5100031E09DF8120038B9FFE740F2F400C2F282
:10F520000040023003900CE09DF81200012807D142
:10F53000FFE740F2EC00C2F2004002300390FFE728
:10F54000FFE718E09DF8120038B9FFE740F2F40039
:10F55000C2F20040043003900CE09DF81200012834
:10F5600007D1FFE740F2EC00C2F200400430039004
:10F57000FFE7FFE7FFE7E1E0059841F6AC71C2F273
:10F580000041884240F0D980FFE79DF81300013820
:10F59000014600910A2800F2CF800099DFE801F0CF
:10F5A000060C131A2138516A839AB30040F24410B2
:10F5B000C2F200400390BFE040F24410C2F20040AB
:10F5C00002300390B8E040F24410C2F20040043030
:10F5D0000390B1E040F24410C2F2004006300390C4
:10F5E000AAE09DF8120030B9FFE740F23C10C2F2E9
:10F5F000004003900BE09DF81200012806D1FFE7C0
:10F6000040F23410C2F200400390FFE7FFE793E0BE
:10F610009DF8120038B9FFE740F23C10C2F20040FA
:10F62000023003900CE09DF81200012807D1FFE79B
:10F6300040F23410C2F2004002300390FFE7FFE7CF
:10F640007AE09DF8120038B9FFE740F23C10C2F2B0
:10F650000040043003900CE09DF81200012807D10F
:10F66000FFE740F23410C2F2004004300390FFE79D
:10F67000FFE761E09DF8120038B9FFE740F23C1067
:10F68000C2F20040063003900CE09DF81200012801
:10F6900007D1FFE740F23410C2F200400630039079
:10F6A000FFE7FFE748E09DF8120030B9FFE740F2BE
:10F6B0005410C2F2004003900BE09DF812000128A4
:10F6C00006D1FFE740F24C10C2F200400390FFE782
:10F6D000FFE731E09DF8120038B9FFE740F254101F
:10F6E000C2F20040023003900CE09DF812000128A5
:10F6F00007D1FFE740F24C10C2F200400230039005
:10F70000FFE7FFE718E09DF8120038B9FFE740F285
:10F710005410C2F20040043003900CE09DF8120037
:10F72000012807D1FFE740F24C10C2F2004004303C
:10F730000390FFE7FFE7FFE7FFE7FFE7FFE7039837
:10F7400006B070470000000087B006900591049253
:10F750008DED030ACDED020A06980599401A00EED8
:10F76000100AB8EEC00A0498401A01EE100AB8EE6A
:10F77000C11A80EE010A8DED010A9DED011A9DED81
:10F78000022A9DED030A32EE402AA1EE020A8DED17
:10F79000000A9DED000A07B070470000000000005D
:10F7A00081B08DED000A9DED000A9FED071A20EE55
:10F7B000010A42F24C00C2F200400068BCEEC00AEE
:10F7C00080ED0E0A01B0704700007A44000000008E
:10F7D00080B584B00390ADF80A100399BDF80A20F3
:10F7E00041F2B860C2F20040019001F03DF9019889
:10F7F00001F06AFE04B080BD80B5FFF759FB40F20E
:10F800009C10C2F20040006880BD000000000000B3
:10F8100080B584B002900191ADF80220029838B111
:10F82000FFE7019820B1FFE7BDF8020020B9FFE72C
:10F8300001208DF80F0008E002980199BDF8022020
:10F84000FCF7FEFB8DF80F00FFE79DF80F0004B0FA
:10F8500080BD00000000000080B5FFF729FB40F2EA
:10F860009C10C2F20040406880BD00000000000013
:10F8700087B006908DF81710069804909DF8170031
:10F880000B21484303900399012000EBD100029023
:10F89000039800F0070001900498029A8118805A9A
:10F8A000897840EA0140009000980199C8406FF3C0
:10F8B000DF2007B07047000082B08DF807009DF888
:10F8C00007100120009051B1FFE79DF8070000F0FC
:10F8D0000F000438B0FA80F040090090FFE700986C
:10F8E00000F0010002B0704780B582B0FFF7E0FA87
:10F8F00041F61041C2F2004108680130086042F24E
:10F900008630C2F2004001880131018000886428FD
:10F910000DDBFFE741F2B860C2F2004001F05CFE8F
:10F9200042F28631C2F2004100200880FFE742F235
:10F930008830C2F2004001780131017000786528FA
:10F940000DDBFFE741F2B860C2F2004001F058FE63
:10F9500042F28831C2F2004100200870FFE741F214
:10F96000B860C2F20040019001F056FE019801F02B
:10F9700027FE00F041F902B080BD00000000000049
:10F9800081B08DED000A9DED000A9FED071A20EE73
:10F99000010A42F2E400C2F200400068BCEEC00A74
:10F9A00080ED100A01B0704700FF7F4700000000A3
:10F9B00080B582B0019001980068009040F201216A
:10F9C00088420CD0FFE7009840F20221884212D012
:10F9D000FFE7009840F20321884218D023E0019805
:10F9E00000F1280141F2B860C2F2004000F5BE709B
:10F9F00002F0FAFC18E0019800F1280141F2B86029
:10FA0000C2F2004000F5287002F0EEFC0CE0019814
:10FA100000F1280141F2B860C2F2004000F57170B7
:10FA200002F0E2FC00E0FFE702B080BD0000000051
:10FA300080B582B0019001980068B0F5447F09D18B
:10FA4000FFE7019941F2B860C2F20040E83000F0EF
:10FA500067FC00E0FFE702B080BD0000000000008E
:10FA600086B005900491059803900398017840783A
:10FA700040EA0120ADF80A00049868B1FFE7059854
:10FA800001900498009001984078009908700198BE
:10FA9000007800994870FFE7BDF80A0006B070478B
:10FAA00080B584B041F2B860C2F2004000F0B0FD11
:10FAB000062807D1FFE741F2B860C2F2004001F02A
:10FAC00003FDFFE741F2B860C2F20040019000F58B
:10FAD0009470029001F0E0FE0198E830039000F08D
:10FAE00007FC029801F0E0FE039800F00DFC02987C
:10FAF00001F02EFE039800F0E7FB039800F088FC6D
:10FB000004B080BD0000000070470000000000004D
:10FB100080B58EB00D908DF833100B920A939DF83E
:10FB200033008007002803D4FFE7002002900AE09A
:10FB30009DF833008007002804D5FFE74FF0804090
:10FB40000290FFE7FFE79DF83300C0080390022012
:10FB500004909DF833004007002803D4FFE70120FC
:10FB6000059009E09DF833004007002803D5FFE722
:10FB700002200590FFE7FFE70B9806900A98079090
:10FB80000D9802A9F5F7ECFF9DF83300C00748B9BE
:10FB9000FFE70D98694600230B6002221146F6F735
:10FBA0006BF80EE09DF83300C00748B1FFE70D98F1
:10FBB000694601230B6002221146F6F75DF8FFE764
:10FBC000FFE79DF833004007002806D4FFE70D98B3
:10FBD00001210022F5F7D4FE0CE09DF83300400728
:10FBE000002806D5FFE70D9810210022F5F7C8FE82
:10FBF000FFE7FFE70EB080BD80B582B06946082000
:10FC0000086041F66C60C2F2004040F28202C2F22B
:10FC100000424FF400710023FFF766FA02B080BD86
:10FC200080B584B003908DED020ACDED010A0398F2
:10FC300000F00100FFF70CFA0398C0F34000FFF753
:10FC400017FA0398C0F38000FFF7F2F942F2E400DC
:10FC5000C2F200400C21FAF74FFE42F24C00C2F211
:10FC600000400421FAF748FE9DED020AFFF788FEE6
:10FC70009DED010AFFF794FD04B080BD0000000077
:10FC80004EF6FC51CEF20001086840F0807008602A
:10FC900041F20401CEF200010020086041F20003AD
:10FCA000CEF200031A6842F001021A60096841F2BC
:10FCB000A062C2F20042116041F2A861C2F20041AA
:10FCC000486008607047000082B08DED010A9DED2C
:10FCD000010AB5EE400AF1EE10FA05DDFFE79DEDF1
:10FCE000010A8DED000A06E09DED010AB1EE400A21
:10FCF0008DED000AFFE79DED000A02B0704700009D
:10FD000082B001900091019800680021C4F20101C5
:10FD1000884209D1FFE7019840F2D811C2F20041B0
:10FD200008600098486019E101980068B0F1804FC0
:10FD300009D1FFE7019840F2F011C2F200410860DA
:10FD40000098486009E10198006840F20041C4F25F
:10FD50000001884209D1FFE7019840F2F811C2F290
:10FD60000041086000984860F6E00198006840F69D
:10FD70000001C4F20001884209D1FFE7019840F276
:10FD80000021C2F20041086000984860E3E0019859
:10FD9000006840F60041C4F20001884209D1FFE743
:10FDA000019840F20821C2F20041086000984860C2
:10FDB000D0E00198006841F20001C4F200018842DD
:10FDC00009D1FFE7019840F21021C2F2004108601A
:10FDD00000984860BDE00198006841F20041C4F21B
:10FDE0000001884209D1FFE7019840F21821C2F2D0
:10FDF0000041086000984860AAE00198006840F25D
:10FE00000041C4F20101884209D1FFE7019840F2A4
:10FE10002021C2F2004108600098486097E00198F4
:10FE2000006841F60001C4F20001884209D1FFE7F1
:10FE3000019840F2A811C2F20041086000984860A1
:10FE400084E00198006841F60041C4F20001884254
:10FE500009D1FFE7019840F2B011C2F200410860F9
:10FE60000098486071E00198006842F20001C4F215
:10FE70000001884209D1FFE7019840F2B811C2F2AF
:10FE800000410860009848605EE00198006844F214
:10FE90000001C4F20101884209D1FFE7019840F254
:10FEA000C011C2F200410860009848604BE0019820
:10FEB000006844F20041C4F20101884209D1FFE721
:10FEC000019840F2C811C2F20041086000984860F1
:10FED00038E00198006844F60001C4F2010188424C
:10FEE00009D1FFE7019840F2D011C2F20041086049
:10FEF0000098486025E0019800684EF20001C4F2C5
:10FF00000001884209D1FFE7019840F2E011C2F2F6
:10FF1000004108600098486012E0019800684EF2C5
:10FF20000041C4F20001884209D1FFE7019840F284
:10FF3000E811C2F20041086000984860FFE7FFE75F
:10FF4000FFE7FFE7FFE7FFE7FFE7FFE7FFE7FFE781
:10FF5000FFE7FFE7FFE7FFE7FFE7FFE702B07047D4
:10FF600080B584B003900291ADF806200398006834
:10FF700041F20001C4F20101884215D1FFE7039864
:10FF800040F23441C2F2004108600298C1F8080210
:10FF9000BDF80600A1F804020398B1F8042201F5A7
:10FFA0008271FAF7DDFF16E10398006844F2004120
:10FFB000C4F20001884215D1FFE7039840F2406186
:10FFC000C2F2004108600298C1F80802BDF80600BC
:10FFD000A1F804020398B1F8042201F58271FAF73E
:10FFE000BFFFF7E00398006844F60001C4F2000187
:10FFF000884215D1FFE7039840F64C01C2F2004158
:020000040801F1
:1000000008600298C1F80802BDF80600A1F80402D1
:100010000398B1F8042201F58271FAF7A1FFD8E044
:100020000398006844F60041C4F20001884215D1EB
:10003000FFE7039840F65821C2F200410860029899
:10004000C1F80802BDF80600A1F804020398B1F84F
:10005000042201F58271FAF783FFB9E00398006882
:1000600045F20001C4F20001884215D1FFE7039870
:1000700040F66441C2F2004108600298C1F80802EB
:10008000BDF80600A1F804020398B1F8042201F5B6
:100090008271FAF765FF9AE00398006841F2004127
:1000A000C4F20101884215D1FFE7039840F6706160
:1000B000C2F2004108600298C1F80802BDF80600CB
:1000C000A1F804020398B1F8042201F58271FAF74D
:1000D00047FF7BE00398006847F60001C4F2000187
:1000E000884215D1FFE7039841F27C01C2F200413A
:1000F00008600298C1F80802BDF80600A1F80402E1
:100100000398B1F8042201F58271FAF729FF5CE047
:100110000398006847F60041C4F20001884215D1F7
:10012000FFE7039841F28821C2F20041086002987B
:10013000C1F80802BDF80600A1F804020398B1F85E
:10014000042201F58271FAF70BFF3DE00398006885
:1001500041F60001C4F20101884215D1FFE703987E
:1001600041F29441C2F2004108600298C1F80802CD
:10017000BDF80600A1F804020398B1F8042201F5C5
:100180008271FAF7EDFE1EE00398006841F6004127
:10019000C4F20101884215D1FFE7039840F22821FB
:1001A000C2F2004108600298C1F80802BDF80600DA
:1001B000A1F804020398B1F8042201F58271FAF75C
:1001C000CFFEFFE7FFE7FFE7FFE7FFE7FFE7FFE718
:1001D000FFE7FFE7FFE704B080BD0000000000007C
:1001E00080B582B00190019800F0E2F90120B5EEEF
:1001F000400AF1EE10FA009022D1FFE7019800F0DA
:10020000DFF90120B5EE400AF1EE10FA009017D1A7
:10021000FFE7019800F0DCF90120B5EE400AF1EEAD
:1002200010FA00900CD1FFE7019800F0D9F90020F6
:10023000B5EE400AF1EE10FA18BF01200090FFE77A
:10024000009800F0010002B080BD00000000000036
:1002500081B0009000980178407840EA012000B217
:1002600001B070470000000081B000900098807BD2
:1002700001B070470000000010B58AB009900998DD
:10028000019000200890079006900590049003903C
:10029000029002A802F0F4F901990298039A049BD3
:1002A000DDF814C0DDF818E0079C4C62C1F820E0CE
:1002B000C1F81CC08B614A610861BDF82000088547
:1002C0000AB010BD0000000082B001908DED000A60
:1002D00001990098486302B07047000000000000D8
:1002E00081B00090009890ED060A01B070470000C0
:1002F00082B001908DED000A01990098C86202B0A9
:10030000704700000000000082B001908DED000AEF
:1003100001990098086302B07047000000000000D7
:1003200080B58AB00990089109980590089902F063
:10033000A3FB08B9FFE7FFE708980068B0F5447F22
:1003400049D1FFE708982830FFF782FFADF81E007B
:1003500008982A30FFF77CFFADF81C0008982C3075
:10036000FFF776FFADF81A00BDF91E0048F2000154
:10037000CFF6FF71039147F6FF720492B9EE000ABF
:100380008DED020AF1EE000ACDED010AFFF7DCF96E
:10039000DDED010A0399049A0598B0EE401A9DED2F
:1003A000020A80ED041ABDF91C00FFF7CDF903998C
:1003B000049A059880ED050ABDF91A00BAEE000A04
:1003C000F2EE000AFFF7C0F9059981ED060A002058
:1003D000C861086200E006E005994868013048609D
:1003E00001208873FFE70AB080BD00000000000014
:1003F00081B00090009890ED040A01B070470000B1
:1004000081B00090009890ED050A01B0704700009F
:1004100080B58AB0099009980490006808B9FFE790
:100420002DE00498C16A0791016B0891416B059119
:1004300002F046FB01460498ADF818108189ADF82A
:100440001A10006800686A460821029111604FF492
:10045000487107AA00230393FEF746FE0299039B07
:100460000498006800686A46116040F2213105AACC
:10047000FEF73AFE0499888901308881FFE70AB0C7
:1004800080BD00000000000080B582B0019001999D
:10049000009148688968884206D1FFE700980021EA
:1004A0008173FFF7E9FE03E0009901208873FFE7FD
:1004B00000994868886002B080BD0000000000001C
:1004C00080B58AB009900891099802900898006850
:1004D0004AF20001C4F20001884207D1FFE7029905
:1004E00040F29C00C2F20040086025E008980068D5
:1004F0004AF20041C4F20001884207D1FFE70299A5
:1005000040F2FC00C2F20040086014E00898006865
:100510004DF20041C4F20001884207D1FFE7029981
:1005200040F25C10C2F20040086003E00299002033
:100530000860FFE7FFE7FFE70298FFF79DFE002056
:1005400001900790069005900490039003A802F094
:10055000ABF801980299039A049BDDF814C0DDF80A
:1005600018E0C1F838E0C1F834C00B63CA62BDF8C6
:100570001C208A8748608860888188730AB080BDA3
:1005800080B582B001900198009000210160416027
:10059000816081818173103002F072F800982C30F4
:1005A00002F082F8009802B080BD00000000000058
:1005B00081B00090009890ED120A01B070470000E1
:1005C00081B00090009890ED130A01B070470000D0
:1005D00081B00090009890ED100A01B070470000C3
:1005E00081B00090009890ED110A01B070470000B2
:1005F00081B00090009890F85C0001B07047000056
:1006000081B00090009890F85D0001B07047000044
:1006100081B00090009890F85E0001B07047000033
:1006200081B00090009890F85F0001B07047000022
:1006300084B0039002910192039800900298008C7C
:100640000199098C884248D1FFE70298408C0199B2
:10065000498C884241D1FFE70298C08C0199C98C2E
:1006600088423AD1FFE70298808C0199898C8842B0
:1006700033D1FFE70298008D0199098D88422CD172
:10068000FFE70298408D0199498D884225D1FFE707
:10069000009890F8DD1090F8E10088421DD1FFE746
:1006A000009890F8DE1090F8E200884215D1FFE73C
:1006B000009890F8DF1090F8E30088420DD1FFE732
:1006C000009890F8E01090F8E400884205D1FFE728
:1006D0000099002081F8E60004E00099012081F8EB
:1006E000E600FFE704B0704781B00090009890F8F2
:1006F000E50001B07047000080B588B00690059114
:10070000ADF8122006980090BDF81200182804D801
:10071000FFE700208DF81F003FE04FF0FF3003900F
:100720000020ADF80A00FFE7BDF80A001930BDF857
:10073000121088421CD8FFE70598BDF80A1008443B
:100740000190019800780F2801D0FFE70AE0019896
:10075000007EFFF7B1F808B9FFE703E0BDF80A0033
:100760000390FFE7BDF80A000130ADF80A00DBE7AF
:100770000398B0F1FF3F04DCFFE700208DF81F0075
:100780000BE000980C300599039A11441922EFF7F9
:1007900032FF01208DF81F00FFE79DF81F0008B011
:1007A00080BD00000000000080B586B0059005986F
:1007B000039000208DF81300FFE79DF813000F2829
:1007C00014D8FFE703980C309DF81310FFF750F88A
:1007D00003999DF8132001EB4201A1F86000FFE7A7
:1007E0009DF8130001308DF81300E6E7039890F8A8
:1007F000231000F14002029280F8841090F88410D7
:1008000001F00101002918BF40F2FF71A0F880102B
:1008100090F8841001F00201002918BF40F2FF7126
:10082000A0F8821090F88410C1F3800180F8851040
:1008300090F88410C1F3C00180F88610012102F005
:100840009BF901460398B7EE000A8DED010A02F00C
:10085000C7F9039880ED100A022102F08DF99DED91
:10086000010A0146039802F0BBF9039880ED110AD2
:10087000042102F081F99DED010A0146039802F07E
:10088000AFF9039880ED120A032102F075F99DED8E
:10089000010A0146039802F0A3F9039880ED130AB8
:1008A000052102F069F99DED010A0146039802F065
:1008B00097F9039880ED140A062102F05DF99DED89
:1008C000010A0146039802F08BF9039880ED150A9E
:1008D000016D8165072102F04FF90146039890F8F8
:1008E000E12002F0A5F90146039880F8DD10082107
:1008F00002F042F90146039890F8E22002F098F9DC
:100900000146039880F8DE10092102F035F901460E
:10091000039890F8E32002F0BFF90146039880F8AD
:10092000DF100A2102F028F90146039890F8E4202C
:1009300002F07EF90146039880F8E01090F8DD108F
:10094000013918BF062180F85C1090F8DE100139DB
:1009500018BF062180F85D1000F15E0190F8DF20DD
:1009600090F8E33000F0FCF80398029A90F8E01059
:10097000013918BF062180F85F1000F18801FFF7E8
:1009800057FE06B080BD000080B584B00390039888
:1009900001900021029180F824100162C1618161FF
:1009A00041610161C16080F83D10C0F83910C0F8A4
:1009B0003510C0F83110C0F82D10C0F82910C0F85B
:1009C0002510403048210091EFF78CFE00990198E6
:1009D0008830EFF787FE01990298012281F8DD2027
:1009E00081F8DE2081F8DF2081F8E02081F8E12025
:1009F00081F8E22081F8E32081F8E42081F85C00AE
:100A000081F85D0081F85E0081F85F0081F8A40044
:100A100081F8A50081F8A60081F8A70081F8DC0024
:100A200004B080BD0000000080B582B00190019844
:100A3000009040304821EFF755FE0099012081F8E1
:100A4000DD0081F8DE0081F8DF0081F8E0000020A1
:100A500081F85C0081F85D0081F85E0081F85F003C
:100A600081F8E60002B080BD80B584B003900291A9
:100A7000ADF80620039800900299BDF80620FFF714
:100A80003BFE38B9FFE70099B1F8DA000130A1F870
:100A9000DA0061E00098FFF787FE009890F8850083
:100AA00000F00100012806D0FFE7009890F88600CA
:100AB000C00748B3FFE70098012180F8DC1000214F
:100AC00080F8E510FFF7B0FF009800F10C01253029
:100AD0001922EFF790FD009800F14001883048227C
:100AE000EFF7CEFD009991F8DD0081F8E10091F873
:100AF000DE0081F8E20091F8DF0081F8E30091F870
:100B0000E00081F8E40027E00098002180F8DC1084
:100B1000D0F8D0100131C0F8D01000F10C01253010
:100B20001922EFF768FD009800F140018830482253
:100B3000EFF7A6FD009991F8DD0081F8E10091F84A
:100B4000DE0081F8E20091F8DF0081F8E30091F81F
:100B5000E00081F8E400FFE704B080BD0000000081
:100B600087B0069005918DF813208DF812309DF80E
:100B7000120001460391012808D0FFE703980228DC
:100B800020D0FFE70398032838D038E09DF8130001
:100B900001460291012808D0FFE70298022808D0F8
:100BA000FFE70298032808D00BE0059900200870A1
:100BB00007E005990420087003E0059901200870FA
:100BC000FFE739E09DF8130001460191012808D0A4
:100BD000FFE70198022808D0FFE70198032808D012
:100BE0000BE005990220087007E0059906200870BF
:100BF00003E0059905200870FFE71DE0FFE79DF879
:100C0000130001460091012808D0FFE70098022850
:100C100008D0FFE70098032808D008E005990220D3
:100C2000087008E005990420087004E0FFE70599C2
:100C300003200870FFE7FFE707B0704700000000DF
:100C400082B001900198009090F8DC00C00728B1B4
:100C5000FFE70099002081F8E50017E00099D1F83E
:100C6000D000D1F8D41088420AD1FFE700990020C3
:100C700081F8E500B1F8D8000130A1F8D80004E00F
:100C80000099012081F8E500FFE7FFE70099D1F81E
:100C9000D000C1F8D40002B070470000000000008E
:100CA00080B584B003900291039801900298006887
:100CB00041F20001C4F20101884207D1FFE7019926
:100CC00040F23440C2F20040086054E002980068EC
:100CD00044F20041C4F20001884207D1FFE70199C4
:100CE00040F24060C2F20040086043E002980068B1
:100CF00044F60001C4F20001884207D1FFE70199E0
:100D000040F64C00C2F20040086032E002980068F1
:100D100044F60041C4F20001884207D1FFE701997F
:100D200040F65820C2F20040086021E002980068B6
:100D300045F20001C4F20001884207D1FFE70199A2
:100D400040F66440C2F20040086010E0029800687B
:100D500041F20041C4F20101884207D1FFE7019945
:100D600040F67060C2F200400860FFE7FFE7FFE76F
:100D7000FFE7FFE7FFE701980021C4F278414160F7
:100D80004CF20001C4F24C418160FFF7FDFD04B05C
:100D900080BD00000000000081B00090009800219C
:100DA000016048F20002C4F2BB4242600022C4F279
:100DB000FA328260C0F8D010C0F8D410A0F8D81071
:100DC000A0F8DA1080F8DC10012280F8DD2080F82D
:100DD000DE2080F8DF2080F8E02080F8E12080F835
:100DE000E22080F8E32080F8E42080F8E51080F825
:100DF000E61001B07047000082B001908DED000A4E
:100E000001990098886102B070470000000000005E
:100E100082B001908DED000A01990098C86002B07F
:100E2000704700000000000080B582B0019001987A
:100E30000090007988BBFFE7009890ED031A90EDD1
:100E4000060AB4EE410AF1EE10FA0BDBFFE7009858
:100E500090ED021A90ED030AB4EE410AF1EE10FA99
:100E600016DAFFE7009890ED031A90ED060AB4EE4B
:100E7000410AF1EE10FA0FDCFFE7009890ED021A3C
:100E800090ED030AB4EE410AF1EE10FA04DCFFE73C
:100E90000099C8680860FFE7FFE7009890ED020A34
:100EA000B5EE400AF1EE10FA5ADDFFE7009890ED3A
:100EB000021A90ED060AB4EE410AF1EE10FA21DDB5
:100EC000FFE7009890ED020A90ED061A30EE410A15
:100ED000FEF7FAFE009890ED041AB4EE410AF1EE26
:100EE00010FA0ADDFFE7009890ED000A90ED041A71
:100EF00030EE010A80ED000A03E00099886908607D
:100F0000FFE72CE0009890ED021A90ED060AB4EE8F
:100F1000410AF1EE10FA21DAFFE7009890ED020A9B
:100F200090ED061A30EE410AFEF7CEFE009890EDE5
:100F3000051AB4EE410AF1EE10FA0ADDFFE7009857
:100F400090ED000A90ED051A30EE410A80ED000A9E
:100F500003E0009988690860FFE7FFE7FFE7BDE06D
:100F6000009890ED020AB5EE400AF1EE10FA5ADA56
:100F7000FFE7009890ED021A90ED060AB4EE410AE0
:100F8000F1EE10FA21DAFFE7009890ED020A90EDF9
:100F9000061A30EE410AFEF797FE009890ED041A0B
:100FA000B4EE410AF1EE10FA0ADDFFE7009890ED89
:100FB000000A90ED041A30EE410A80ED000A03E0C9
:100FC000009988690860FFE72CE0009890ED021A0C
:100FD00090ED060AB4EE410AF1EE10FA21DDFFE7CA
:100FE000009890ED020A90ED061A30EE410AFEF7E5
:100FF0006BFE009890ED051AB4EE410AF1EE10FA7E
:101000000ADDFFE7009890ED000A90ED051A30EE3A
:10101000010A80ED000A03E0009988690860FFE793
:10102000FFE7FFE759E0009890ED021A90ED060AFD
:10103000B4EE410AF1EE10FA21DDFFE7009890EDE1
:10104000020A90ED061A30EE410AFEF73DFE0098C6
:1010500090ED041AB4EE410AF1EE10FA0ADDFFE752
:10106000009890ED000A90ED041A30EE010A80ED30
:10107000000A03E0009988690860FFE72CE0009807
:1010800090ED021A90ED060AB4EE410AF1EE10FA64
:1010900021DAFFE7009890ED020A90ED061A30EE93
:1010A000410AFEF711FE009890ED041AB4EE410AD1
:1010B000F1EE10FA0ADDFFE7009890ED000A90EDDE
:1010C000041A30EE410A80ED000A03E000998869B5
:1010D0000860FFE7FFE7FFE7FFE7FFE70099086821
:1010E000886002B080BD000085B002AA009202466E
:1010F0000098049280ED010AC0ED000A8DF80710F7
:10110000049903980861029848619DF807000871E6
:1011100005B070470000000081B00090009890ED8D
:10112000000A01B07047000081B0009000980021D3
:10113000016001718160C16001614161816101B043
:10114000704700000000000080B598B01790179815
:101150000E9000F0C9F90E9890F8510502283CD184
:10116000FFE70E98E8300D90FFF742F90D988DEDEE
:10117000160AFFF745F90D988DED150AFFF7B0F83F
:101180000E988DED140AFFF733FA062807D1FFE712
:101190000E9800F59470002100F0CEFB1CE00E9834
:1011A000FFF726FAB8B9FFE70E9800F594700C9097
:1011B000012100F0C1FB0C989DED160A00F0A4FB84
:1011C0000C989DED150A00F0ABFB0C989DED140AF0
:1011D00000F056FBFFE7FFE715E10E9890F8510588
:1011E000012840F00F81FFE70E9890F85005012884
:1011F00040F00881FFE70E98002110910F91FFF752
:10120000DFF9FEF761FD0E9800F2545090ED001AE0
:10121000B4EE410AF1EE10FA06DDFFE70E98FFF793
:10122000CFF98DED0B0A04E09FED780A8DED0B0AE6
:10123000FFE70E989DED0B0A8DED130AFFF7B8F945
:10124000FEF742FD0E9800F2545090ED001AB4EEF5
:10125000410AF1EE10FA0CDDFFE70E98FFF7A8F94E
:10126000B0EE401A9FED6A0A30EE410A8DED0A0A8F
:1012700004E09FED660A8DED0A0AFFE70E989DEDEA
:101280000A0A8DED120AFFF7A3F9FEF71DFD0E986D
:1012900000F2545090ED001AB4EE410AF1EE10FA4B
:1012A0000CDDFFE70E98FFF793F9B0EE401A9FEDC3
:1012B000580A30EE410A8DED090A04E09FED530A09
:1012C0008DED090AFFE79DED090A8DED110A9DEDEF
:1012D000130A8DED010A9DED120A20EE001ABEEEF2
:1012E000002A8DED032AB7EE000A8DED040A01EE07
:1012F000020A01F001FD0E98B0EE401A9DED010AC0
:1013000020EE010A8DED020A00F59470069000F0BF
:10131000D3FA9DED021A9DED032AB0EE403A9DED01
:10132000040A21EE031A8DED101A9DED121A8DEDAF
:10133000051A9DED131A21EE011A01EE020A01F0C1
:10134000DBFC0698B0EE401A9DED050A20EE010A7E
:101350008DED070A00F0B8FA0698B0EE401A9DED40
:10136000070A20EE010A8DED0F0A9DED110A8DEDA1
:10137000080A00F0F5F90E98B0EE401A9DED080A43
:1013800020EE010A41F2B461C2F2004181ED000A8F
:1013900091ED001A41F2B061C2F2004191ED000AF4
:1013A00030EE010A81ED000AFFF722F9062807D185
:1013B000FFE70E9800F59470002100F0BDFA20E0E0
:1013C0000E98FFF715F9D8B9FFE70E9800F594705D
:1013D0000090012100F0B0FA00989DED100A00F095
:1013E00093FA00989DED0F0A00F09AFA009841F2E6
:1013F000B461C2F2004191ED000A00F041FAFFE74A
:10140000FFE7FFE7FFE718B080BD00BF0000000066
:10141000000000800000000080B582B001900198BB
:10142000009000F0ADF8FEF7E7F9014640F27000D9
:10143000C2F200400180008840F29811C2F20041DF
:101440000988401A01283BDBFFE7009800F5A460FB
:1014500000F072FD012833D1FFE7009840F27001DF
:10146000C2F20041098840F29812C2F20042118093
:10147000FFF7CEF838B9FFE7009800F5A460022125
:1014800000F01EFD1BE00098FFF7C2F8062807D108
:10149000FFE7009800F5A460002100F011FD0DE0C9
:1014A0000098FFF7B5F8032807D1FFE7009800F58B
:1014B000A460012100F004FDFFE7FFE7FFE700E083
:1014C000FFE702B080BD000080B582B001900198B6
:1014D000009000F009F80098FFF736FE0098FFF73B
:1014E0009BFF02B080BD000080B582B001900198E2
:1014F000009000F02DF80098FFF782F806280BD135
:10150000FFE70098FFF7F0F8012805D1FFE7009901
:10151000012081F8510516E00098FFF771F860B9D5
:10152000FFE70098E830FEF79FFE012805D1FFE7AE
:101530000099022081F8510504E00099002081F80B
:101540005105FFE7FFE702B080BD0000000000008A
:1015500080B582B0019001980090FEF741FE28B15D
:10156000FFE70099012081F8500504E00099002070
:1015700081F85005FFE702B080BD000000000000C8
:1015800080B582B0019001980090FFF749F80628D5
:1015900007D1FFE7009800F5A460002100F0D4FC1B
:1015A0000CE00098FFF73CF838B9FFE7009800F529
:1015B000A460012100F0C8FCFFE7FFE702B080BD96
:1015C00080B582B00190019800F59470012100F07F
:1015D00007FB02B080BD000080B582B00190019889
:1015E0000090FFF72DFB009800F5947000F038FB99
:1015F000009800F5A46000F0CFFC02B080BD0000B0
:1016000080B582B001900198E830FEF73DFF02B04E
:1016100080BD00000000000080B586B005900598F0
:101620000490FFF761F8C8B9FFE7049800F59470DB
:101630000290002100F080F902989FED1C0A8DEDC8
:10164000030A00F061F902989DED030A00F068F9C1
:1016500002989DED030A00F013F924E00498FEF7C8
:10166000D7FF06281FD1FFE70498E830FEF7FCFDFE
:10167000C8B9FFE7049800F594700090002100F0CD
:101680005BF900989FED090A8DED010A00F03CF925
:1016900000989DED010A00F043F900989DED010AC4
:1016A00000F0EEF8FFE706B080BD00BF00000000CC
:1016B00080B584B003908DED020A0398019042F248
:1016C000F021C2F20041FFF7EBFA0198E83041F651
:1016D0000C71C2F20041FEF7F3FE019800F5A46020
:1016E00042F2C811C2F2004100F072FC019800F50C
:1016F0009470B0EE080AF0EE000AB1EE081A00F09D
:10170000C3FA01990298C1F8540504B080BD0000E5
:1017100080B582B0019001980090FFF73DFB0098E2
:10172000E830FEF72DFF009800F5947000F08CFB78
:10173000009800F5A46000F013FD0098002180F8E7
:10174000501580F85115012180F8521502B080BD66
:1017500081B00090009890EDFD0A01B07047000044
:1017600081B00090009890EDF20A01B0704700003F
:1017700082B001908DED000A01990098C1F8F40340
:1017800002B070470000000080B58AB00990099847
:101790000190002008900790069005900490039017
:1017A0000290FFE70298022816DCFFE7019A0298F0
:1017B0004FF4927100FB0120543000F08DFDB1EE2A
:1017C000400A029903A800EB810080ED000AFFE7C0
:1017D000029801300290E5E701989DED041A9DED15
:1017E000050AB6EE002A20EE020AA1EE420A9FED9B
:1017F000201A20EE010A20EE020A8DED080A9DED66
:10180000030A9DED044A9DED053A24EE025A9FED30
:10181000194AA5EE440A23EE023AA3EE440A20EE4A
:10182000010A20EE020A8DED070A9DED030A9DEDE7
:10183000043A9DED052A30EE030A30EE020A20EE4E
:10184000010A9FED0D1A80EE010A8DED060A9DED4D
:10185000080A00F041F801989DED070A00F048F8E9
:1018600001989DED060AFFF783FF0AB080BD00BF17
:10187000CDCCCC3DD7B3DD3F8FC2F53F000000009B
:1018800082B001908DED000A01990098C1F8E8033B
:1018900002B070470000000081B00090009890ED09
:1018A000FB0A01B07047000081B00090009890EDF5
:1018B000FC0A01B07047000081B00090009890EDE4
:1018C000F00A01B07047000081B00090009890EDE0
:1018D000F10A01B07047000082B001908DED000A5E
:1018E00001990098C1F8EC0302B0704700000000B5
:1018F00082B001908DED000A01990098C1F8F003C3
:1019000002B070470000000082B001908DED000A27
:1019100001990098C1F8E00302B070470000000090
:1019200082B001908DED000A01990098C1F8E4039E
:1019300002B070470000000082B001908DF80310E3
:1019400001999DF8030081F8DC0302B070470000A4
:1019500080B59AB0199019980E9090F8DC03014662
:101960000F9120B1FFE70F98012838D01BE100202C
:101970001890FFE71898022830DCFFE70E9800F176
:1019800054020B9218984FF492710C9100FB0120B5
:10199000032100F01DFD0B9A0C99189800FB012003
:1019A00050309FED8E0A8DED0D0A00F099FE0B9AD6
:1019B0000C999DED0D0A189800FB012000F0FCFC2D
:1019C0000B9A0C999DED0D0A189800FB012000F070
:1019D000FFFDFFE7189801301890CBE7E3E0002007
:1019E0001790FFE7179802280FDCFFE70E9A179869
:1019F0004FF4927100FB01205430032100F0E8FC09
:101A0000FFE7179801301790ECE70E9890EDF00A79
:101A1000B5EE400AF1EE10FA0AD0FFE70E9901F593
:101A20007870D1EDF00AB1EE600AFDF731FBFFE707
:101A30000E9890EDF10AB5EE400AF1EE10FA0AD0D8
:101A4000FFE70E9901F57970D1EDF10AB1EE600A68
:101A5000FDF71EFBFFE70E9890EDF20AB5EE400A87
:101A6000F1EE10FA0AD0FFE70E9901F57A70D1ED88
:101A7000F20AB1EE600AFDF70BFBFFE70E981C308F
:101A80000490FFF749FB0E988DED010A383008905D
:101A9000FFF742FB0E98B0EE401A9DED010A9FED54
:101AA0004D2A8DED092AA1EE020A8DED160AFFF7E7
:101AB00033FB0498B6EE001A8DED051A20EE010AEC
:101AC0008DED020AFFF728FB9DED021A9DED052A18
:101AD000089820EE020A9FED402A8DED062AA1EE1D
:101AE000020A8DED030AFFF717FB9DED092A0E98F8
:101AF000B0EE401A9DED030A91EE020A8DED150A33
:101B0000FFF70AFB04989DED051A20EE010A8DED02
:101B1000070AFFF701FB9DED053A9DED062A9DEDB5
:101B2000071A089820EE030A91EE020A8DED0A0AC0
:101B3000FFF7F2FA9DED092A0E98B0EE401A9DEDDE
:101B40000A0AA1EE020A8DED140A9DED160AB3EE03
:101B5000041A20EE010A8DED130A9DED150A20EE00
:101B6000010A8DED120A9DED140A20EE010A8DED99
:101B7000110A54309DED130AB1EE400A00F01CFC2E
:101B80000E9800F5BC709DED120AB1EE400A00F00F
:101B900013FC0E9800F527709DED110AB1EE400A76
:101BA00000F00AFCFFE700201090FFE710980228E1
:101BB0000EDCFFE70E9A10984FF4927100FB0120A3
:101BC000543000F021FCFFE7109801301090EDE751
:101BD0001AB080BD0AD7A33ED7B3DD3F0000000096
:101BE00080B586B005908DF813100598039090EDA0
:101BF000FB0AFFF70DF90398FFF716F9039890ED2C
:101C0000F80AFFF7F9F8039901F11C00019091ED32
:101C1000FC0AFFF7FDF80198FFF706F90198039910
:101C200091EDF90AFFF7E8F8039901F13800029005
:101C300091EDFD0AFFF7ECF80298FFF7F5F802982E
:101C4000039991EDFA0AFFF7D7F80398FFF79CFD87
:101C50000398FFF77DFE06B080BD00000000000085
:101C600080B582B0019001980090543000F0FCFBE8
:101C7000009800F5BC7000F0F7FB009800F52770A5
:101C800000F0F2FB02B080BD80B596B015908DEDEE
:101C9000140ACDED130A8DED121A159803901499BC
:101CA000C0F8C0131399C0F8C4131299C0F8C81330
:101CB0009FED5C0A8DED010ADFED5B0ACDED020AB6
:101CC00000210C91FFF710FA9DED010ADDED020AEB
:101CD00003980C991C30FFF707FA03980C993830D9
:101CE000DFED520ACDED050AB0EE600AFFF7FCF910
:101CF00003989DED051A0C9900F154020A92A43044
:101D0000B1EE040A8DED040A9FED492A8DED062AF5
:101D1000DFED482ACDED072A9FED473A8DED083AD1
:101D20009FED465A8DED095AF0EE450AF0EE451A40
:101D3000F0EE453AB0EE454AF0EE454A00F034FE8A
:101D400003989DED040A9DED051A9DED062ADDED33
:101D5000072A9DED083A9DED095A0C9900F5BC72D1
:101D60000B9200F5E470F0EE450AF0EE451AF0EE45
:101D7000453AB0EE454AF0EE454A00F015FE0398AC
:101D80009DED040A9DED051A9DED062ADDED072A5D
:101D90009DED083A9DED095A0C9900F527720D92B8
:101DA00000F53B70F0EE450AF0EE451AF0EE453ACC
:101DB000B0EE454AF0EE454A00F0F6FD0A980C995F
:101DC0006A46116041F66C61C2F200410E91012237
:101DD00003230F939FED1A0A8DED100AF3EE040A08
:101DE000CDED110A00F074FB0B980C9A0E990F9B25
:101DF0009DED100ADDED110AEC46CCF80020022220
:101E000000F066FB0C9A0D980E990F9B9DED100A41
:101E1000DDED110AEC46CCF800201A4600F058FB24
:101E200016B080BDA69BC43BA69B443C0AD7233C6E
:101E30000000484200401C456F12833A0000000039
:101E40002CA099410000000080B586B00490049851
:101E500001900590FFF768F901981C30FFF764F9CD
:101E600001983830FFF760F9019901F1540001F54C
:101E7000707102910390FFE70398009000F0B4FBAB
:101E80000098029A00F59271084691420390F3D1AE
:101E9000FFE701994FF08D40C1F8CC03002081F895
:101EA000DC03C1F8E003C1F8E403C1F8E803C1F8BA
:101EB000EC03C1F8F003C1F8F403059806B080BD47
:101EC00080B586B005908DF813100598029000211A
:101ED0000391C162816241620162C16181614161BC
:101EE0000161C079C00720B1FFE70298006808B916
:101EF000FFE71DE00298103000909DF8133043F684
:101F00005402C0F601022021EEF736FB0299009838
:101F1000096809680191EEF74FFB009902460198A4
:101F200092B2FDF775FC02999DF813008871FFE7E6
:101F300006B080BD0000000081B0009000980079DC
:101F400001B070470000000082B001908DF80310CE
:101F500001999DF80300087102B07047000000006D
:101F600080B584B0039003980190007AC00780B9CF
:101F7000FFE7FDF771FC019902900298C968401AC9
:101F8000B0F57A7F04D3FFE7019901200872FFE7DB
:101F9000FFE704B080BD000080B582B001900198D9
:101FA0000090C079C00708B9FFE70CE00098FFF780
:101FB000D7FF0098007AC00708B9FFE703E000994F
:101FC00001200871FFE702B080BD000000000000A2
:101FD00080B584B00390029103980190029820B9D3
:101FE000FFE701990020C871B5E00298006841F24E
:101FF0000001C4F20101884207D1FFE7019940F2D4
:102000003440C2F2004008609CE00298006844F24C
:102010000041C4F20001884207D1FFE7019940F274
:102020004060C2F2004008608BE00298006844F60D
:102030000001C4F20001884207D1FFE7019940F690
:102040004C00C2F2004008607AE00298006844F652
:102050000041C4F20001884207D1FFE7019940F630
:102060005820C2F20040086069E00298006845F21A
:102070000001C4F20001884207D1FFE7019940F650
:102080006440C2F20040086058E00298006841F2E3
:102090000041C4F20101884207D1FFE7019940F6EF
:1020A0007060C2F20040086047E00298006847F69E
:1020B0000001C4F20001884207D1FFE7019941F213
:1020C0007C00C2F20040086036E00298006847F6E3
:1020D0000041C4F20001884207D1FFE7019941F2B3
:1020E0008820C2F20040086025E00298006841F6AE
:1020F0000001C4F20101884207D1FFE7019941F2D2
:102100009440C2F20040086014E00298006841F672
:102110000041C4F20101884207D1FFE7019940F272
:102120002820C2F20040086003E001990020C87135
:1021300011E0FFE7FFE7FFE7FFE7FFE7FFE7FFE764
:10214000FFE7FFE7FDF788FB0199C86000200872F0
:102150000120C871FFE704B080BD0000000000004E
:1021600081B000900098002101600171417181717E
:10217000C1710172C16001B0704700000000000031
:1021800080B586B0059005980190D0F8A0002C305D
:102190000290029804A9FDF763FC029802300DF149
:1021A0000E01FDF75DFC0298043003A9FDF758FC11
:1021B0000199BDF81000D1F8F820801AADF812008E
:1021C000BDF91200B1F8C8104A42C1EBD271B0EBB0
:1021D000610F07DAFFE70199D1F800010130C1F87A
:1021E000000110E00199BDF91200B1F8C810B0EB80
:1021F000510F07DDFFE70199D1F800010138C1F85F
:102200000001FFE7FFE70198D0F80011B0F8C820FF
:10221000BDF8103001FB0231C0F8FC1090ED2B1A14
:1022200090ED3F0AB8EEC00AB0F8C81002EE101ADE
:10223000B8EE422A80EE020A30EE000A9FED232A11
:1022400020EE020A80EE010A80ED390ABDF90E1077
:1022500000EE101AB8EEC00A9FED1D1A20EE010A1A
:1022600090ED2B1A80EE010A80ED3A0ABDF90C10B0
:1022700000EE101AB8EEC00A90ED331A80EE010A93
:1022800080ED3B0A0299897900EE101AB8EEC00A77
:102290009FED101A30EE010A80ED3C0A90ED2E0AF7
:1022A000D0ED2F0A90ED301AD0ED311A90ED3B2A87
:1022B000D0ED3A2AFCF76CFF019981ED3D0ABDF89B
:1022C0001000C1F8F80006B080BD00BFDB0F494028
:1022D0005077D63D3393884381B00090009890EDBD
:1022E0003A0A01B07047000080B586B005900598A5
:1022F000039090F8080101460491012808D0FFE7F7
:102300000498032805D0FFE7049804281DD04AE06C
:102310004EE0039901F15000029091ED440A91EDD5
:10232000461A30EE010A00F0CFF90298039991EDB8
:102330003A0A00F07DFB029800F0DEF9029800F006
:102340006FFB039880ED450A32E0039890ED430A55
:1023500000F0BAF9039890ED390A00F069FB039890
:1023600000F0CAF9039800F05BFB039981ED440A81
:1023700001F15000019091ED440A91ED461A30EEC2
:10238000010A00F0A1F90198039991ED3A0A00F0D1
:102390004FFB019800F0B0F9019800F041FB039861
:1023A00080ED450A04E003990020C1F81401FFE71D
:1023B00006B080BD0000000082B001908DED000AE3
:1023C00001990098C1F8100102B0704700000000A8
:1023D00082B001908DF8031001999DF8030081F8F7
:1023E000080102B07047000080B582B001900091F2
:1023F0000198D0F8D4100131C0F8D410FFF7C0FE16
:1024000002B080BD0000000080B584B00390039846
:102410000190FFF769FF019890ED450A90ED471A8A
:1024200030EE010A8DED020AD0ED2D0AB1EE600A00
:1024300002A8FCF72DFE01989DED020A90ED331ADB
:1024400020EE010A80ED370A00F0AAF8019890F812
:10245000B00038B9FFE701990020C1F81C01C1F8AC
:102460001801FFE704B080BD80B584B003900399E4
:102470000291D1F8D400D1F8D810884219D1FFE7E1
:1024800002980021019180F8E010012180F80811E4
:102490009FED0E0A8DED000A00F022F99DED000A75
:1024A0000298503000F01CF902990198C1F814010B
:1024B00004E00299012081F8E000FFE70299D1F8D9
:1024C000D400C1F8D80004B080BD00BF00000000F7
:1024D00080B588B084460A98CDF81CC006918DF866
:1024E00017208DF816308DED040A8DF80F00CDED14
:1024F000020A07980190069800684AF20001C4F2A7
:102500000001884208D1FFE7019940F29C00C2F225
:102510000040C1F8A00023E0069800684AF200419C
:10252000C4F20001884208D1FFE7019940F2FC00A3
:10253000C2F20040C1F8A00011E0069800684DF218
:102540000041C4F20001884208D1FFE7019940F23E
:102550005C10C2F20040C1F8A000FFE7FFE7FFE710
:1025600001999DF8170081F8A4009DF8160081F8E4
:1025700008019DF80F0081F8B0000498C1F8AC0084
:102580000298C1F8B40006989DF817100022FCF7D5
:102590002BFE0199C1F8A80008B080BD0000000022
:1025A00081B00090009991ED370ABDEEC00A10EE9F
:1025B000100A000AD1F8A820107091ED370ABDEE7C
:1025C000C00A10EE100AD1F8A810487001B0704788
:1025D00082B001908DED000A01990098C1F8DC00ED
:1025E00002B070470000000080B582B001900198F1
:1025F000009000F029FA0098503000F025FA009879
:102600004AF28771C3F69761C0F8B8100021C0F88C
:10261000BC1048F6AC32C3F61B62C0F8C02045F6C9
:10262000FB42C3F6AD72C0F8C4204FF40052A0F8CC
:10263000C8204CF6CD42C4F24C42C0F8CC20002257
:10264000C4F2A012C0F8D020C0F8D410C0F8D8103E
:10265000C0F8DC1080F8E010042280F80821C0F8EF
:102660000C11C0F81011C0F81411C0F81811C0F8FE
:102670001C114FF07E51C0F8201102B080BD000047
:1026800081B0009000980021016041608160C160CC
:102690000161017541758175C1750176417601B0A1
:1026A000704700000000000081B0009000980021F9
:1026B000016041608160017341738173C173017472
:1026C000417401B07047000082B001908DED000AA6
:1026D00001990098486402B07047000000000000B3
:1026E00082B001908DED000A01990098C86402B093
:1026F000704700000000000080B58AB0099009987A
:1027000001900021089107910691059190ED110A21
:1027100090ED121A30EE410A8DED040A9DED040A87
:10272000FDF7D2FA01988DED030A9DED030A90EDB5
:10273000011AB4EE410AF1EE10FA07DAFFE7019947
:10274000886C4864002004900390FFE7019890EDA6
:10275000080A9DED041A20EE010A8DED080A90ED9D
:102760000E0AB5EE400AF1EE10FA0DD1FFE701981E
:1027700090ED0F0AB5EE400AF1EE10FA04D1FFE732
:102780004FF07E50029049E001989DED030A90EDD4
:102790000F1AB4EE410AF1EE10FA04DCFFE74FF035
:1027A0007E50029039E0019890ED0F0A9DED031ADA
:1027B000B4EE410AF1EE10FA1FDAFFE701989DED41
:1027C000030A90ED0E1A90ED0F2A31EE021AB4EEC4
:1027D000410AF1EE10FA10DAFFE7019890ED0E1AB7
:1027E00090ED0F0A31EE000A9DED032A30EE420A09
:1027F00080EE010A8DED020A0EE001989DED030ABC
:1028000090ED0F1AB4EE410AF1EE10FA03DBFFE788
:1028100000200290FFE7FFE7FFE7FFE7019890ED58
:102820000C0AB5EE400AF1EE10FA10D0FFE701995C
:1028300001F14C0091ED092A91ED0C1AB1EE410A1B
:1028400080EE020AC1EE020AFCF722FCFFE70198C3
:1028500090ED100AB5EE400AF1EE10FA18D1FFE73C
:1028600001989DED021A90ED002A90ED130A21EED9
:10287000021A9DED042AA1EE020A80ED130A90EDE2
:10288000090A90ED131A20EE010A8DED070A28E0DF
:1028900001989DED030A90ED101AB4EE410AF1EE95
:1028A00010FA18DAFFE701989DED021A90ED002A60
:1028B00090ED130A21EE021A9DED042AA1EE020A00
:1028C00080ED130A90ED090A90ED131A20EE010A2B
:1028D0008DED070A04E001990020C8640790FFE726
:1028E000FFE70198007A90B9FFE7019890ED001A90
:1028F00090ED063A90ED0A0A9DED042A32EE432A45
:1029000020EE020A80EE010A8DED060A11E0019820
:1029100090ED001A90ED053A90ED072A90ED0A0A25
:1029200032EE432A20EE020A80EE010A8DED060AFD
:10293000FFE7019890ED042A90ED0B1A90ED110A33
:1029400030EE420A20EE010A8DED050A9DED080ADF
:102950009DED071A30EE010A9DED061A30EE010AD0
:102960009DED051A30EE010A80ED070A90ED0D0A83
:10297000B5EE400AF1EE10FA0AD0FFE7019901F135
:102980001C00D1ED0D0AB1EE600AFCF781FBFFE7F8
:102990000199886CC860486C0861C86948610498EE
:1029A00088610AB080BD00008EB002AA0092024683
:1029B00000980D9280ED0A0AC0ED090A80ED081A10
:1029C000C0ED071A80ED062AC0ED052A80ED043A15
:1029D000C0ED033A80ED024AC0ED014A80ED005A95
:1029E0008DF807100D990C9808620B9848620A98A8
:1029F00088620998C862089808630798486306982F
:102A0000086005984860049888630398C863029832
:102A100008649DF8070008720EB0704700000000BF
:102A200081B00090009890ED070A01B07047000057
:102A300082B001908DED000A01990098886402B07F
:102A4000704700000000000081B000900098002155
:102A5000C160016141618161C16101624162816264
:102A6000C162016341638163C16301644164816444
:102A7000C16401B07047000083B0019000910098DC
:102A800020B9FFE700208DF80B0014E000984068A3
:102A900020B1FFE700208DF80B000CE00098C06823
:102AA000082804D0FFE700208DF80B0003E0012088
:102AB0008DF80B00FFE79DF80B0003B07047000096
:102AC00082B0019001980021ADF8021090F83830E2
:102AD000BDF8021041F00102002B18BF1146ADF8FD
:102AE000021090F83920002A18BF0122BDF8021008
:102AF00041EA4201ADF8021090F83A20002A18BFCE
:102B00000122BDF8021041EA8201ADF8021090F8EE
:102B10003B20002A18BF0122BDF8021041EAC20181
:102B2000ADF8021090F83C20002A18BF0122BDF831
:102B3000021041EA0211ADF8021090F83D10002990
:102B400018BF0121BDF8020040EA4110ADF80200B3
:102B5000BDF8020002B0704782B00190ADF80210DB
:102B6000BDF802100020B1F5006F38BF012002B09F
:102B7000704700000000000080B584B002908DF81E
:102B80000710029800909DF8070028B1FFE79DF814
:102B90000700132805D3FFE74FF47870ADF80E0057
:102BA00018E000989DF8071000EB4101B1F85E10A5
:102BB000ADF80410BDF80410FFF7CEFF28B9FFE709
:102BC0004FF47870ADF80E0004E0BDF80400ADF8E5
:102BD0000E00FFE7BDF80E0004B080BD000000004D
:102BE00080B584B00390ADF80A108DED010A03980A
:102BF000BDF80A1000EE101AB8EE400A90ED012A56
:102C000090ED021A30EE420A80EE010A8DED000AC4
:102C10006846BFEE000AF7EE000AFCF739FA9DEDB0
:102C2000000A9DED011A20EE010A04B080BD0000EB
:102C300080B584B00290ADF806108DF8052002989A
:102C4000BDF80610FFF788FF28B9FFE79DF80500DB
:102C50008DF80F0019E0BDF8060040F214518842CB
:102C600004D3FFE701208DF80F000EE0BDF8060049
:102C7000B0F52F7F04D8FFE702208DF80F0004E0A5
:102C80009DF805008DF80F00FFE79DF80F0004B0D8
:102C900080BD00000000000080B584B00290ADF857
:102CA00006108DF805200298BDF80610FFF754FFB6
:102CB00028B9FFE79DF805008DF80F0018E0BDF872
:102CC000060040F21451884204D3FFE701208DF83A
:102CD0000F000DE0BDF80600B0F52F7F04D8FFE728
:102CE00002208DF80F0003E003208DF80F00FFE7AE
:102CF0009DF80F0004B080BD80B582B08DED010A53
:102D00009DED010A00F078FC02B080BD00000000DB
:102D100081B0ADF80200BDF9020000280ED4FFE733
:102D2000BDF9021001F01F02012090404A094EF245
:102D30000011CEF2000141F82200FFE701B0704718
:102D40004EF60C50CEF200000068C0F3022070472F
:102D500082B0ADF806000091BDF9060000280AD443
:102D6000FFE700980001BDF906104EF20042CEF2D6
:102D7000000288540BE000980001BDF8061001F035
:102D80000F014EF61452CEF200028854FFE702B053
:102D9000704700000000000083B00290029800F02D
:102DA000070000904EF60C51CEF200010868019029
:102DB00001984FF6FF02104001900198009A40EAF6
:102DC00002200022C0F2FA521043019001980860DC
:102DD00003B070470000000080B541F2B860C2F255
:102DE0000040FEF795FC80BD80B582B000200190C8
:102DF000F4F792FAFAF710F8F9F7C2FAF9F7B0F91E
:102E0000F9F79EFCF9F7FCF9F9F706FCF9F770FB06
:102E1000F9F736FAF9F774FAF9F7D6FCF9F76CFD19
:102E2000F9F722FDF9F748FCF9F7B6FBFAF7FCFDD4
:102E3000FFE7FAF769FEFCE75FEA400C08BF91F094
:102E4000000F4FEA8C234FEAC12243EA51514FEA67
:102E50001C5018BF00F5F0404FEA300018BF41F099
:102E600000415FEA6C5C00F02980BCF1FF3F08BFC5
:102E700040F080407047130C06BF12044FF0100C56
:102E80004FF0000C130E04BF12020CF1080C130FCC
:102E900004BF12010CF1040C930F04BF92000CF15B
:102EA000020CD30F04BF52000CF1010C11464FF07D
:102EB0000002A0F11F00A0EB0C00704711F0004FC2
:102EC00008BF704731F000413FF4D5AF0B0C06BF8F
:102ED00009044FF0100C4FF0000C0B0E04BF090258
:102EE0000CF1080C0B0F04BF09010CF1040C8B0F43
:102EF00004BF89000CF1020CCB0F04BF49000CF198
:102F0000010CCCF1200322FA03F341EA030102FA97
:102F10000CF2A0EB0C0000F10100704723F07F479A
:102F200020F07F4C80EA030000F00040ACEB070388
:102F300003F57C5303F1FF032DE9804909B44FEAFF
:102F4000144324EA03484FEA154B25EA0B4E0FF2CF
:102F5000042606EB13273E7803FB0667C7F5000738
:102F600007FB06F64FEAD64606F102064FEA54374B
:102F700007FB066CCCF1005C4FEA1C472CEA074CBF
:102F80000CFB06F507FB06F404EB15464FEA961614
:102F900049085FEA320234BF00204FF000404FEA98
:102FA000D13706FB07FC4FEA1C4C0CFB0BF7D21B7E
:102FB00003FB0CF761EB07010CFB0EF7B0EB0740CE
:102FC00072EB17420CFB08F734BFA2EB0742B2EBDF
:102FD000074261EB17414FEA0C444FEA910706FBA9
:102FE00007FC4FEA1C4C0CFB0BF7B0EBC74072EB35
:102FF000573203FB0CF734BFA2EBC742B2EBC74218
:1030000061EB57310CFB0EF7B0EBC70072EB577258
:103010000CFB08F734BFA2EBC702B2EBC70261EBAF
:1030200057714FEA816141EA92114FEA826242EAA6
:1030300090124FEA806004EBCC04039F4FEAD13733
:1030400006FB07FC4FEA1C4C0CFB0BF7D21B03FBE7
:103050000CF761EB07010CFB0EF7B0EB074072EBCE
:1030600017420CFB08F734BFA2EB0742B2EB074252
:1030700061EB17414FEA8C5504EB9C244FEA910712
:1030800006FB07FC4FEA1C4C0CFB0BF7B0EBC740F0
:1030900072EB573203FB0CF734BFA2EBC742B2EB23
:1030A000C74261EB57310CFB0EF7B0EBC70072EB78
:1030B00057720CFB08F734BFA2EBC702B2EBC70292
:1030C00061EB57714FEA816141EA92114FEA8262E6
:1030D00042EA90124FEA806015EB4C2544F100045F
:1030E0004FEAD13706FB07FC4FEA1C4C0CFB0BF7F1
:1030F000D21B03FB0CF761EB07010CFB0EF7B0EBE7
:10310000074072EB17420CFB08F734BFA2EB0742F3
:10311000B2EB074261EB17414FEA813141EA92413C
:103120004FEA823242EA90424FEA80304FEA0C7610
:1031300015EB1C1544F1000448EA03434EEA0B4822
:103140004FF0000EB2EB080C71EB030724BF624690
:1031500039464EEB0E0E4FF0000B0018524149411C
:103160004BEB0B0BB2EB080C71EB03077BF1000B85
:1031700024BF624639464EEB0E0E4FF0000B00188E
:10318000524149414BEB0B0BB2EB080C71EB0307BF
:103190007BF1000B24BF624639464EEB0E0E51EA1E
:1031A000020718BF46F0010616EB0E7655F1000235
:1031B00054F1000103D5BDE88901BDE80088BDE8F0
:1031C0008901BDE80048B619524141EB0101A3F164
:1031D0000103704780807F7E7D7C7B7A797877766B
:1031E00076757473727171706F6E6E6D6C6C6B6AE4
:1031F0006A69686867666665646463636261616082
:10320000605F5F5E5E5D5D5C5C5B5B5A5A595958FE
:103210005857575656555555545453535252525168
:10322000515050504F4F4F4E4E4D4D4D4C4C4C4BBE
:103230004B4B4A4A4A494949484848474747474605
:103240004646454545444444444343434342424241
:10325000424141419C46002B30D477002BD04FEAAD
:1032600037071CB503B44FF010004FF01001BAF14E
:10327000000F06D0BCF1000FDCBF40F0080040F0AA
:1032800008014FF000000FBCBDE810400BF1010B2E
:10329000BBF1010F08BF5FEA170722BF12F101025D
:1032A00011F101014FF0004143F1000300F0004033
:1032B00043EA00007047F9D35708D0E746EA0646CC
:1032C0004FEA164613F1400F1FDD13F1200FDFBF49
:1032D00016430A46002120335B42BED0C3F12007CB
:1032E00046EA06464FEA164602FA07F746EA070696
:1032F00022FA03F2C3F1200701FA07F742EA0702B4
:1033000021FA03F14FF00003A7E746EA020646EA76
:1033100006464FEA164646EA0106BCBF46EA06469E
:10332000360C4FF000034FF000024FF0000194E71D
:103330002DE9804C70B49A46934691E8380007C84E
:1033400031EA400C48BF34EA430C03D5FFF7E6FDF1
:10335000FFF780FFF0BCBDE8008C2DE9804C70B415
:103360009A46934691E8380007C810F0804F08BF8E
:1033700013F0804F03D100F005F8FFF76BFFF0BCAE
:10338000BDE8008C20F07F4723F07F4C80EA0300EB
:1033900000F0004007EB0C03A3F57C53A3F1FE0300
:1033A00092F0000F00F0B38095F0000F00F07780EE
:1033B0002DE901494FEA114021EA00484FEA14463D
:1033C00024EA064700FB06FC08FB06F607FB08F8A4
:1033D00018EB06484CEB164C00FB07F718EB0748B8
:1033E0004CEB17404FEA124B22EA0B4E4FEA1546C0
:1033F00025EA06470BFB06FC0EFB06F607FB0EFE56
:103400001EEB064E4CEB164C0BFB07F71EEB074E64
:103410004CEB174B18EB0B0840F1000018EB0E0BB0
:1034200058EB000840F100008F1A4FF000014FF0F8
:1034300000063CBFC943661B14BFB5EB040C00215A
:103440003CBFC943F61B4FEA174427EA04454FEA3D
:103450001C472CEA074C04FB076205FB07F70CFB33
:1034600005F616EB074642EB174204FB0CFC16EB85
:103470000C4642EB1C421BEB060658EB0202414194
:103480004EEA8E0E46EA9E0601D5BDE80189B619C0
:10349000524141EB0101A3F10103BDE801894FEA6B
:1034A000144524EA05464FEA114721EA074C05FB7B
:1034B00007F406FB07F70CFB06F111EB074144EBA1
:1034C000174405FB0CFC11EB0C4144EB1C444FEA88
:1034D000124722EA074C05FB07F206FB07F70CFB35
:1034E00006F616EB074642EB174205FB0CFC16EB03
:1034F0000C4642EB1C456A1854F1000148BF704766
:10350000B619524141EB0101A3F10103704795F057
:10351000000F37D04FEA114221EA02464FEA144722
:1035200024EA074C02FB07F106FB07F70CFB06F445
:1035300014EB074441EB174102FB0CFC14EB0C4469
:1035400041EB1C414FEA154725EA074C02FB07F502
:1035500006FB07F70CFB06F616EB074645EB17458F
:1035600002FB0CFC16EB0C4645EB1C42121951F108
:10357000000148BF7047B619524141EB0101A3F168
:10358000010370474FEA144524EA05464FEA114704
:1035900021EA074C05FB07F106FB07F70CFB06F2D7
:1035A00012EB074241EB174105FB0CFC12EB0C42FE
:1035B00051EB1C414FF0000648BF7047921841EB99
:1035C0000101A3F10103704703B401984100009881
:1035D00050EAC12018BF04204A0D18BF40F0010076
:1035E00040F2FF72B2EB515F08BF40F002000128C9
:1035F00008BF052002B0704710B52DED028BB1EE6B
:10360000C08A18EE100A20F00040C0F1FF40C00F41
:103610000AD010EE100A20F00040C0F1FF40C00FA9
:1036200004BF0120EDF7A3F8B0EE480ABDEC028B11
:1036300010BD30380A2801D20120704700207047A1
:1036400010B500290AD00878002807D0054878442A
:10365000EEF7BAF8002801D0002010BD02487844E7
:1036600010BD0000320200002A02000010B500293F
:103670000AD00878002807D005487844EEF7A4F867
:10368000002801D0002010BD0248784410BD000081
:10369000220200001A020000F1EE100A4FF6FF713C
:1036A000C0F2C03120EA010040F04070E1EE100AA3
:1036B0007047EDF791BCEDF7C5BD000000000000BC
:1036C000000000003031323334353637383941426A
:1036D0004344454640305800303132333435363774
:1036E0003839616263646566403078000400000820
:1036F0000000000000000002000100001030313224
:103700003334353637383961626364656678700002
:103710003031323334353637383941424344454607
:103720005850000002400000000000A0000000000F
:1037300005400000000000C8000000000C40000030
:103740000000409C00000000194000000020BCBEAA
:103750000000000034400000BFC91B8E00000004C0
:10376000B5400000504BCFD06607E2CF010000000B
:103770006C4100003E8251AADFEEA7340100000038
:10378000D9420000DCB5A0E23A301F97FFFFFFFFEF
:10379000B4450000FD25A0C8E9A3C14FFFFFFFFF0E
:1037A000FF3F00000000008000000000FF3F00001D
:1037B0000000008000000000000000000000000089
:1037C00000000000000000000000000001000000F8
:1037D00002000000030000000400000000000000E0
:1037E00005000000000000000000000000000000D4
:1037F00006000000000000000000000000000000C3
:10380000070000000000000001020304010203049D
:10381000060708090001020304050607080C101436
:103820001820304000061016000610160804020486
:10383000080101010101010307010000010002006C
:103840000400060008000A000C00100020004000E0
:10385000800000014A554D50282564293B0D0A007F
:10386000B0390108000000241000000030030008F7
:10387000C039010810000024803500005003000802
:103880001C00000043000000F8FFFFFF0C000000D8
:103890000E0000000F0000002E00000010010000CC
:1038A00043000000F8FFFFFF004040404040404020
:1038B0004040414141414140404040404040404003
:1038C00040404040404040404005020202020202A7
:1038D00002020202020202020220202020202020F6
:1038E000202020020202020202029090909090900A
:1038F00010101010101010101010101010101010C8
:10390000101010100202020202028888888888883B
:103910000808080808080808080808080808080827
:10392000080808080202020240000000000000002F
:103930000000000000000000000000000000000087
:103940000000000000000000000000000000000077
:103950000000000000000000000000000000000067
:103960000000000000000000000000000000000057
:103970000000000000000000000000000000000047
:103980000000000000000000000000000000000037
:103990000000000000000000000000000000000027
:1039A000000000000000000000000000FDB4FFFF68
:1039B0000090D0030090D003010000001000000030
:04000005080002CD20
:00000001FF
